date;tmin;tmax;prcp;snow;snwd;awnd
2017-01-09;9;31;0.0;0.0;1.2;2.46
2017-01-11;40;57;0.0;0.0;0.0;6.04
2017-01-19;36;63;0.0;0.0;0.0;1.34
2017-01-20;46;59;0.09;0.0;0.0;2.91
2017-01-24;41;63;0.0;0.0;0.0;6.04
2017-01-26;43;70;0.06;0.0;0.0;13.42
2017-01-30;30;46;0.0;0.0;0.0;6.26
2017-02-06;31;68;0.0;0.0;0.0;4.7
2017-02-10;26;51;0.0;0.0;0.0;6.71
2017-02-12;58;83;0.05;0.0;0.0;11.41
2017-02-16;32;53;0.0;0.0;0.0;6.71
2017-03-06;34;65;0.0;0.0;0.0;6.71
2017-03-13;26;42;0.56;0.0;0.0;8.28
2017-03-15;24;40;0.0;0.0;0.0;10.51
2017-03-17;23;58;0.03;0.0;0.0;4.92
2017-03-22;39;64;0.0;0.0;0.0;8.28
2017-03-23;31;56;0.0;0.0;0.0;7.38
2017-04-01;49;75;0.0;0.0;0.0;6.04
2017-04-02;49;69;0.0;0.0;0.0;6.04
2017-04-15;61;85;0.0;0.0;0.0;9.62
2017-04-16;60;82;0.0;0.0;0.0;12.75
2017-04-17;62;86;0.05;0.0;0.0;9.84
2017-04-20;56;85;0.0;0.0;0.0;5.82
2017-04-21;63;89;0.21;0.0;0.0;6.93
2017-05-01;68;85;0.29;0.0;0.0;15.66
2017-05-11;61;84;0.48;0.0;0.0;4.92
2017-05-12;54;61;0.07;0.0;0.0;7.61
2017-05-18;66;86;0.0;0.0;0.0;10.96
2017-05-26;59;81;0.0;0.0;0.0;7.83
2017-05-30;68;82;0.06;0.0;0.0;4.03
2017-06-03;57;88;0.0;0.0;0.0;3.36
2017-06-05;67;85;1.54;0.0;0.0;6.04
2017-06-11;67;90;0.0;0.0;0.0;6.26
2017-06-16;70;89;2.3;0.0;0.0;4.03
2017-06-18;74;91;0.17;0.0;0.0;8.72
2017-06-25;67;84;0.0;0.0;0.0;3.58
2017-06-28;57;83;0.0;0.0;0.0;4.25
2017-07-13;78;97;0.0;0.0;0.0;8.5
2017-07-14;77;97;0.0;0.0;0.0;9.4
2017-07-18;71;89;0.0;0.0;0.0;5.14
2017-07-28;75;94;0.21;0.0;0.0;7.61
2017-07-30;63;85;0.0;0.0;0.0;6.26
2017-08-18;75;98;0.01;0.0;0.0;7.38
2017-08-19;73;92;0.05;0.0;0.0;2.91
2017-08-20;71;95;0.0;0.0;0.0;3.58
2017-08-30;59;84;0.0;0.0;0.0;1.79
2017-09-01;64;78;1.06;0.0;0.0;7.83
2017-09-05;64;90;0.06;0.0;0.0;8.05
2017-09-06;61;82;0.52;0.0;0.0;4.92
2017-09-11;58;67;0.01;0.0;0.0;12.75
2017-09-28;63;94;0.0;0.0;0.0;3.13
2017-10-02;47;76;0.0;0.0;0.0;4.92
2017-10-06;55;86;0.0;0.0;0.0;2.91
2017-10-11;73;89;1.12;0.0;0.0;8.05
2017-10-12;65;77;0.0;0.0;0.0;8.28
2017-10-13;63;71;0.0;0.0;0.0;7.38
2017-10-14;62;78;0.0;0.0;0.0;3.13
2017-10-26;40;63;0.0;0.0;0.0;3.8
2017-10-29;41;68;0.78;0.0;0.0;7.61
2017-11-05;51;70;0.0;0.0;0.0;2.46
2017-11-18;33;67;0.0;0.0;0.0;11.41
2017-11-19;34;64;0.08;0.0;0.0;9.17
2017-11-20;28;57;0.0;0.0;0.0;2.01
2017-12-04;33;61;0.0;0.0;0.0;2.46
2017-12-14;30;57;0.0;0.0;0.0;7.38
2018-01-01;13;28;0.0;0.0;0.0;6.49
2018-01-07;4;30;0.0;0.0;0.0;2.68
2018-01-14;21;33;0.0;0.0;0.0;8.72
2018-01-19;19;49;0.0;0.0;3.9;3.58
2018-01-20;26;56;0.0;0.0;1.2;5.59
2018-01-23;47;70;0.83;0.0;0.0;15.66
2018-01-24;34;54;0.0;0.0;0.0;4.03
2018-01-27;31;67;0.0;0.0;0.0;6.26
2018-01-28;52;60;1.3;0.0;0.0;5.14
2018-02-07;44;65;0.21;0.0;0.0;8.5
2018-02-17;40;56;0.06;0.0;0.0;6.93
2018-03-02;41;55;0.0;0.0;0.0;14.99
2018-03-03;35;57;0.0;0.0;0.0;8.72
2018-03-12;32;38;0.92;1.4;0.0;7.16
2018-03-20;36;57;1.05;0.0;0.0;8.72
2018-04-01;41;75;0.0;0.0;0.0;7.61
2018-04-04;48;77;0.0;0.0;0.0;13.87
2018-04-10;39;62;0.0;0.0;0.0;5.37
2018-04-11;38;62;0.0;0.0;0.0;5.37
2018-04-13;52;80;0.0;0.0;0.0;14.32
2018-04-15;61;82;3.31;0.0;0.0;12.53
2018-04-21;37;68;0.0;0.0;0.0;4.47
2018-04-26;48;75;0.18;0.0;0.0;3.36
2018-04-27;54;73;0.01;0.0;0.0;4.92
2018-05-01;45;83;0.0;0.0;0.0;4.47
2018-05-13;66;93;0.0;0.0;0.0;6.04
2018-05-14;68;93;0.0;0.0;0.0;8.05
2018-05-18;71;82;0.23;0.0;0.0;8.28
2018-05-25;65;86;0.0;0.0;0.0;5.82
2018-05-26;68;87;0.33;0.0;0.0;8.5
2018-06-07;62;85;0.0;0.0;0.0;4.92
2018-06-12;63;70;0.01;0.0;0.0;6.26
2018-06-16;65;90;0.0;0.0;0.0;4.47
2018-06-18;74;94;0.0;0.0;0.0;4.92
2018-06-20;73;94;0.0;0.0;0.0;4.47
2018-06-24;73;96;0.07;0.0;0.0;7.61
2018-06-26;66;74;0.74;0.0;0.0;6.93
2018-07-06;71;93;0.34;0.0;0.0;3.8
2018-07-08;62;82;0.0;0.0;0.0;8.05
2018-07-10;59;91;0.0;0.0;0.0;2.46
2018-07-16;74;95;0.0;0.0;0.0;8.05
2018-07-18;72;89;0.0;0.0;0.0;6.71
2018-07-19;63;90;0.0;0.0;0.0;7.16
2018-07-21;69;88;0.01;0.0;0.0;6.71
2018-07-23;70;88;0.02;0.0;0.0;6.26
2018-07-25;69;82;0.27;0.0;0.0;3.8
2018-08-01;73;90;0.02;0.0;0.0;9.17
2018-08-07;71;93;0.2;0.0;0.0;6.71
2018-08-09;69;90;0.0;0.0;0.0;4.7
2018-08-10;69;91;0.0;0.0;0.0;2.01
2018-08-13;67;85;0.08;0.0;0.0;3.58
2017-01-01;41;50;0.54;0.0;0.0;6.49
2018-08-20;68;87;0.86;0.0;0.0;4.47
2017-01-08;15;27;0.0;0.0;1.2;4.92
2018-08-27;69;93;0.0;0.0;0.0;4.03
2017-01-16;44;51;0.0;0.0;0.0;4.47
2018-08-31;69;92;0.27;0.0;0.0;3.8
2017-01-23;43;60;0.28;0.0;0.0;9.84
2018-09-10;67;88;0.26;0.0;0.0;4.47
2017-02-07;49;76;0.0;0.0;0.0;12.53
2018-09-28;65;79;0.02;0.0;0.0;4.92
2017-02-08;54;74;0.09;0.0;0.0;5.82
2018-10-01;60;82;0.0;0.0;0.0;2.01
2017-02-21;44;66;0.0;0.0;0.0;5.82
2018-10-03;64;86;0.0;0.0;0.0;2.68
2017-02-24;47;80;0.0;0.0;0.0;3.58
2018-10-04;66;89;0.0;0.0;0.0;2.68
2017-02-25;52;81;0.0;0.0;0.0;13.2
2018-10-07;66;87;0.0;0.0;0.0;2.91
2017-02-26;37;56;0.0;0.0;0.0;4.47
2018-10-08;69;85;0.0;0.0;0.0;6.26
2017-03-02;39;62;0.0;0.0;0.0;8.05
2018-10-11;63;79;2.6;0.0;0.0;11.63
2017-03-03;31;54;0.0;0.0;0.0;6.71
2018-10-13;48;70;0.0;0.0;0.0;3.36
2017-03-08;46;69;0.05;0.0;0.0;8.5
2018-10-15;59;80;0.0;0.0;0.0;5.59
2017-03-20;30;66;0.0;0.0;0.0;3.58
2018-10-17;53;71;0.0;0.0;0.0;3.58
2017-04-03;50;76;0.4;0.0;0.0;9.17
2018-10-18;43;62;0.0;0.0;0.0;4.47
2017-04-05;53;78;0.32;0.0;0.0;6.71
2018-10-25;36;55;0.0;0.0;0.0;1.34
2017-04-06;50;70;0.09;0.0;0.0;15.21
2018-11-05;54;62;0.82;0.0;0.0;3.8
2017-04-07;43;59;0.0;0.0;0.0;11.86
2018-11-06;57;74;0.03;0.0;0.0;7.38
2017-04-09;38;77;0.0;0.0;0.0;4.47
2018-11-10;34;52;0.0;0.0;0.0;6.26
2017-04-11;55;82;0.0;0.0;0.0;10.51
2018-11-24;36;45;0.72;0.0;0.0;5.14
2017-04-18;61;74;0.03;0.0;0.0;9.62
2018-11-29;25;51;0.0;0.0;0.0;3.13
2017-04-25;58;70;2.17;0.0;0.0;6.93
2018-12-02;58;71;0.0;0.0;0.0;10.96
2017-05-13;52;66;0.23;0.0;0.0;4.47
2018-12-10;30;34;0.73;1.9;1.2;7.61
2017-05-19;68;89;0.0;0.0;0.0;8.05
2018-12-17;36;61;0.0;0.0;0.0;5.82
2017-05-20;67;90;0.0;0.0;0.0;7.38
2018-12-20;45;66;0.68;0.0;0.0;8.72
2017-05-22;68;80;0.3;0.0;0.0;8.05
2018-12-22;34;53;0.0;0.0;0.0;6.71
2017-05-23;67;71;0.69;0.0;0.0;4.47
2018-12-30;45;59;0.01;0.0;0.0;2.91
2017-05-29;64;87;0.08;0.0;0.0;3.13
2019-01-07;40;51;0.0;0.0;0.0;6.93
2017-06-01;62;85;0.0;0.0;0.0;1.57
2019-01-25;27;47;0.0;0.0;0.0;3.58
2017-06-02;61;85;0.0;0.0;0.0;3.8
2019-02-04;37;68;0.0;0.0;0.0;2.68
2017-06-04;61;90;0.38;0.0;0.0;5.82
2019-02-10;27;43;0.0;0.0;0.0;3.8
2017-06-12;67;89;0.0;0.0;0.0;6.49
2019-02-16;34;58;0.45;0.0;0.0;8.05
2017-06-14;66;93;0.0;0.0;0.0;5.82
2019-02-18;38;63;0.42;0.0;0.0;6.71
2017-06-15;70;91;0.0;0.0;0.0;3.36
2019-02-19;33;45;0.25;0.0;0.0;5.37
2017-07-02;71;92;0.0;0.0;0.0;4.47
2019-02-21;35;59;0.14;0.0;0.0;4.25
2017-07-05;70;89;0.47;0.0;0.0;2.46
2019-02-24;41;65;0.05;0.0;0.0;8.72
2017-07-11;71;95;0.0;0.0;0.0;6.93
2019-03-02;37;59;0.0;0.0;0.0;4.25
2017-07-16;73;91;0.05;0.0;0.0;5.14
2019-03-16;40;59;0.0;0.0;0.0;4.92
2017-07-19;67;94;0.0;0.0;0.0;2.68
2019-03-19;33;55;0.0;0.0;0.0;6.26
2017-07-20;71;99;0.0;0.0;0.0;3.8
2019-03-21;44;59;0.58;0.0;0.0;6.26
2017-07-22;76;101;0.0;0.0;0.0;10.74
2019-03-26;39;56;0.06;0.0;0.0;10.07
2017-08-03;68;94;0.0;0.0;0.0;3.8
2019-04-02;31;40;0.35;0.0;0.0;5.82
2017-08-04;68;92;0.0;0.0;0.0;7.16
2019-04-13;64;70;0.93;0.0;0.0;5.59
2017-08-07;74;92;0.04;0.0;0.0;10.96
2019-04-14;66;79;0.28;0.0;0.0;11.86
2017-08-13;73;81;0.73;0.0;0.0;6.26
2019-04-17;48;80;0.0;0.0;0.0;6.71
2017-08-21;71;93;0.0;0.0;0.0;3.13
2019-04-20;49;66;0.02;0.0;0.0;12.53
2017-08-27;63;81;0.0;0.0;0.0;9.17
2019-05-01;63;84;0.0;0.0;0.0;8.05
2017-08-31;69;87;0.01;0.0;0.0;7.16
2019-05-05;63;77;0.36;0.0;0.0;6.71
2017-09-04;59;87;0.0;0.0;0.0;3.58
2019-05-07;58;79;0.0;0.0;0.0;4.47
2017-09-13;61;84;0.0;0.0;0.0;6.71
2019-05-09;63;83;0.0;0.0;0.0;8.05
2017-09-22;61;89;0.0;0.0;0.0;2.24
2019-05-12;65;76;0.0;0.0;0.0;11.63
2017-09-25;63;83;0.0;0.0;0.0;6.71
2019-05-27;68;89;0.0;0.0;0.0;3.13
2017-10-20;43;77;0.0;0.0;0.0;2.01
2019-06-04;57;84;0.0;0.0;0.0;6.93
2017-10-21;48;79;0.0;0.0;0.0;2.01
2019-06-09;70;80;0.09;0.0;0.0;6.93
2017-10-23;61;76;1.12;0.0;0.0;10.74
2019-06-10;72;87;0.14;0.0;0.0;6.49
2017-10-30;36;59;0.0;0.0;0.0;6.93
2019-06-22;63;84;0.01;0.0;0.0;4.03
2017-10-31;39;69;0.0;0.0;0.0;1.79
2019-06-25;70;90;0.0;0.0;0.0;5.14
2017-11-08;43;45;0.13;0.0;0.0;8.28
2019-07-12;73;92;0.08;0.0;0.0;8.05
2017-11-09;45;50;0.27;0.0;0.0;4.03
2019-07-13;73;95;0.0;0.0;0.0;4.92
2017-11-23;29;50;0.0;0.0;0.0;2.68
2019-07-16;71;96;0.0;0.0;0.0;3.36
2017-11-24;26;57;0.0;0.0;0.0;1.57
2019-07-18;74;96;0.02;0.0;0.0;7.61
2017-11-26;33;62;0.0;0.0;0.0;2.91
2019-08-05;68;85;0.22;0.0;0.0;2.68
2017-12-01;41;63;0.0;0.0;0.0;5.14
2019-08-15;72;90;0.0;0.0;0.0;3.8
2017-12-03;42;64;0.0;0.0;0.0;2.46
2019-08-30;57;90;0.0;0.0;0.0;3.13
2017-12-12;30;53;0.0;0.0;0.0;9.62
2019-08-31;62;89;0.0;0.0;0.0;2.91
2017-12-18;35;61;0.0;0.0;0.0;2.01
2019-09-03;68;91;0.0;0.0;0.0;3.13
2017-12-20;48;56;0.42;0.0;0.0;2.46
2019-09-05;70;79;0.93;0.0;0.0;11.86
2017-12-25;30;47;0.0;0.0;0.0;7.61
2019-09-08;66;89;0.0;0.0;0.0;4.03
2017-12-26;27;43;0.0;0.0;0.0;2.24
2019-09-21;55;88;0.0;0.0;0.0;5.14
2017-12-28;18;30;0.0;0.0;0.0;7.83
2019-09-24;64;89;0.0;0.0;0.0;3.8
2017-12-29;15;42;0.0;0.0;0.0;2.01
2019-09-25;63;87;0.0;0.0;0.0;6.04
2017-12-30;27;52;0.0;0.0;0.0;4.92
2019-09-28;71;94;0.0;0.0;0.0;7.61
2018-01-17;23;38;0.49;5.9;0.0;5.82
2019-10-05;58;68;0.0;0.0;0.0;8.72
2018-01-29;33;52;0.59;0.0;0.0;8.05
2019-10-06;57;82;0.0;0.0;0.0;4.47
2018-02-01;31;62;0.0;0.0;0.0;13.2
2019-10-21;50;74;0.0;0.0;0.0;4.47
2018-02-06;29;59;0.0;0.0;0.0;5.37
2019-10-23;44;69;0.0;0.0;0.0;2.24
2018-02-13;37;44;0.0;0.0;0.0;8.72
2019-10-25;52;75;0.0;0.0;0.0;1.12
2018-02-15;54;75;0.0;0.0;0.0;14.32
2019-10-26;53;79;0.0;0.0;0.0;6.04
2018-02-16;56;81;0.02;0.0;0.0;13.42
2019-11-02;36;62;0.0;0.0;0.0;1.12
2018-02-19;40;50;0.3;0.0;0.0;2.46
2019-11-04;33;64;0.0;0.0;0.0;2.24
2018-02-20;50;72;0.0;0.0;0.0;3.36
2019-11-08;33;58;0.1;0.0;0.0;7.61
2018-02-21;63;77;0.0;0.0;0.0;8.95
2019-11-09;27;52;0.0;0.0;0.0;2.68
2018-03-13;29;48;0.0;0.0;1.2;6.71
2019-11-10;29;65;0.0;0.0;0.0;5.82
2018-03-17;34;71;0.27;0.0;0.0;6.26
2019-11-12;29;56;0.94;0.0;0.0;6.71
2018-03-22;32;53;0.0;0.0;0.0;6.04
2019-11-21;31;59;0.0;0.0;0.0;3.58
2018-04-08;32;52;0.0;0.0;0.0;4.92
2019-11-28;41;59;0.0;0.0;0.0;7.16
2018-04-09;40;57;0.0;0.0;0.0;5.14
2019-11-29;33;56;0.0;0.0;0.0;1.12
2018-04-19;45;76;0.0;0.0;0.0;10.96
2019-12-02;38;50;0.0;0.0;0.0;7.83
2018-04-20;34;65;0.0;0.0;0.0;2.91
2019-12-03;35;51;0.0;0.0;0.0;5.14
2018-04-22;42;70;0.0;0.0;0.0;5.59
2019-12-04;33;57;0.0;0.0;0.0;4.7
2018-05-03;57;85;0.0;0.0;0.0;11.86
2019-12-21;30;49;0.0;0.0;0.0;2.01
2018-05-09;50;79;0.0;0.0;0.0;4.7
2020-01-03;46;58;1.53;0.0;0.0;3.58
2018-05-12;67;92;0.0;0.0;0.0;6.26
2020-01-05;37;51;0.0;0.0;0.0;7.61
2018-05-22;67;85;0.05;0.0;0.0;5.82
2020-01-16;46;64;0.0;0.0;0.0;7.83
2018-05-24;68;84;0.0;0.0;0.0;6.93
2020-01-19;32;56;0.01;0.0;0.0;9.17
2018-06-10;67;91;0.2;0.0;0.0;4.47
2020-01-23;25;49;0.0;0.0;0.0;4.7
2018-06-14;70;91;0.0;0.0;0.0;4.47
2020-01-27;31;54;0.12;0.0;0.0;2.68
2018-06-15;69;86;0.0;0.0;0.0;5.82
2020-01-28;34;53;0.0;0.0;0.0;2.24
2018-06-17;70;93;0.0;0.0;0.0;5.37
2020-01-31;28;47;0.6;0.0;0.0;4.47
2018-07-01;73;95;0.48;0.0;0.0;5.82
2020-02-09;31;54;0.0;0.0;0.0;4.7
2018-07-07;67;79;0.65;0.0;0.0;9.4
2020-02-13;50;69;0.57;0.0;0.0;11.41
2018-07-09;57;87;0.0;0.0;0.0;3.58
2020-02-16;31;55;0.05;0.0;0.0;3.58
2018-07-15;68;95;0.0;0.0;0.0;6.04
2020-02-24;46;54;0.18;0.0;0.0;6.93
2018-07-28;71;91;0.84;0.0;0.0;4.25
2020-02-27;36;50;0.0;0.0;0.0;9.4
2018-07-29;70;88;0.07;0.0;0.0;4.25
2020-03-04;47;60;0.0;0.0;0.0;5.82
2018-07-30;72;86;0.72;0.0;0.0;4.47
2020-03-07;34;54;0.0;0.0;0.0;5.82
2018-07-31;73;87;0.22;0.0;0.0;5.37
2020-03-13;63;75;0.07;0.0;0.0;8.95
2018-08-02;71;89;0.26;0.0;0.0;7.83
2020-03-16;42;59;0.0;0.0;0.0;4.47
2018-08-06;72;92;0.05;0.0;0.0;2.91
2020-03-21;50;73;0.07;0.0;0.0;6.26
2018-08-12;70;89;0.8;0.0;0.0;2.91
2020-03-28;62;89;0.0;0.0;0.0;7.16
2018-08-21;71;87;0.01;0.0;0.0;9.4
2020-04-01;44;59;0.0;0.0;0.0;6.04
2018-08-25;59;83;0.0;0.0;0.0;2.68
2020-04-02;41;66;0.0;0.0;0.0;5.37
2018-08-26;60;88;0.0;0.0;0.0;2.68
2020-04-03;41;72;0.0;0.0;0.0;5.14
2018-08-29;72;94;0.0;0.0;0.0;7.38
2020-04-07;51;84;0.0;0.0;0.0;6.04
2018-09-13;74;81;0.28;0.0;0.0;11.18
2020-04-11;32;67;0.0;0.0;0.0;4.47
2018-09-14;73;79;2.5;0.0;0.0;20.36
2020-04-17;35;73;0.0;0.0;0.0;10.51
2018-09-20;67;87;0.0;0.0;0.0;4.25
2020-04-26;51;74;0.26;0.0;0.0;7.16
2018-09-26;66;87;0.12;0.0;0.0;5.37
2020-04-27;44;69;0.0;0.0;0.0;6.26
2018-09-27;70;79;0.21;0.0;0.0;4.25
2020-04-30;55;69;1.67;0.0;0.0;8.72
2018-10-10;69;81;0.1;0.0;0.0;7.61
2020-05-06;49;72;0.0;0.0;0.0;6.93
2018-10-12;51;71;0.0;0.0;0.0;2.91
2020-05-09;39;63;0.0;0.0;0.0;5.14
2018-10-24;38;61;0.0;0.0;0.0;3.58
2020-05-11;46;67;0.0;0.0;0.0;8.5
2018-10-27;47;55;0.01;0.0;0.0;8.5
2020-05-12;38;65;0.0;0.0;0.0;3.8
2018-11-01;55;75;0.11;0.0;0.0;10.29
2020-05-26;66;79;0.0;0.0;0.0;6.93
2018-11-02;60;70;0.0;0.0;0.0;11.86
2020-05-31;57;77;0.0;0.0;0.0;6.71
2018-11-04;37;65;0.04;0.0;0.0;7.38
2020-06-02;55;85;0.0;0.0;0.0;11.18
2018-11-14;39;48;0.04;0.0;0.0;8.05
2020-06-04;71;92;0.0;0.0;0.0;10.29
2018-11-21;30;57;0.0;0.0;0.0;2.24
2020-06-07;69;88;0.0;0.0;0.0;5.37
2018-11-25;42;59;0.0;0.0;0.0;3.8
2020-06-13;63;83;0.0;0.0;0.0;7.16
2018-11-27;31;48;0.0;0.0;0.0;6.71
2020-06-15;58;65;0.77;0.0;0.0;9.84
2018-12-01;52;62;0.32;0.0;0.0;5.14
2020-06-16;59;62;0.52;0.0;0.0;11.18
2018-12-05;30;48;0.0;0.0;0.0;4.03
2020-06-26;63;89;0.0;0.0;0.0;2.91
2018-12-07;29;50;0.0;0.0;0.0;1.79
2020-07-03;66;94;0.0;0.0;0.0;2.24
2018-12-09;30;38;1.75;7.0;3.1;15.21
2020-07-04;68;94;0.07;0.0;0.0;3.36
2018-12-14;36;57;0.7;0.0;0.0;5.14
2020-07-10;71;95;0.25;0.0;0.0;4.7
2018-12-15;42;49;0.23;0.0;0.0;3.58
2020-07-13;68;92;0.08;0.0;0.0;4.47
2018-12-16;42;60;0.0;0.0;0.0;7.61
2020-07-22;73;96;0.0;0.0;0.0;8.95
2018-12-19;27;53;0.0;0.0;0.0;1.12
2020-07-30;72;89;0.0;0.0;0.0;7.16
2018-12-25;26;50;0.0;0.0;0.0;1.57
2020-08-06;72;87;0.06;0.0;0.0;2.91
2018-12-26;26;51;0.0;0.0;0.0;2.46
2020-08-07;72;89;0.01;0.0;0.0;4.7
2019-01-06;39;65;0.0;0.0;0.0;2.68
2020-08-08;71;90;0.0;0.0;0.0;3.8
2019-01-10;27;39;0.0;0.0;0.0;6.93
2020-08-12;72;91;0.0;0.0;0.0;4.7
2019-01-11;21;43;0.0;0.0;0.0;2.01
2020-08-14;72;89;0.63;0.0;0.0;3.58
2019-01-16;26;54;0.0;0.0;0.0;3.13
2020-08-16;67;79;0.02;0.0;0.0;4.25
2019-01-17;28;49;0.01;0.0;0.0;4.7
2020-08-17;64;86;0.11;0.0;0.0;2.46
2019-01-18;39;59;0.0;0.0;0.0;4.92
2020-08-20;68;85;0.0;0.0;0.0;5.37
2019-01-24;35;65;0.73;0.0;0.0;11.41
2020-08-24;74;86;0.0;0.0;0.0;7.38
2019-01-28;37;50;0.0;0.0;0.0;5.82
2020-08-26;71;89;0.0;0.0;0.0;3.58
2019-01-29;31;54;0.16;0.0;0.0;8.95
2020-09-05;61;81;0.0;0.0;0.0;6.26
2019-01-31;18;39;0.0;0.0;0.0;4.92
2020-09-08;62;84;0.03;0.0;0.0;5.59
2019-02-03;33;61;0.0;0.0;0.0;0.0
2020-09-10;74;88;0.0;0.0;0.0;3.13
2019-02-11;36;46;0.15;0.0;0.0;3.58
2020-09-15;59;75;0.0;0.0;0.0;8.72
2019-02-22;40;53;0.69;0.0;0.0;7.38
2020-09-29;59;85;0.68;0.0;0.0;7.61
2019-02-23;39;42;1.02;0.0;0.0;5.14
2020-10-04;48;68;0.0;0.0;0.0;3.8
2019-03-04;34;50;0.01;0.0;0.0;4.92
2020-10-08;58;83;0.0;0.0;0.0;2.46
2019-03-05;32;44;0.0;0.0;0.0;5.14
2020-10-09;56;72;0.0;0.0;0.0;5.14
2019-03-10;47;68;0.04;0.0;0.0;9.4
2020-10-17;46;64;0.0;0.0;0.0;4.92
2019-03-12;35;60;0.0;0.0;0.0;2.68
2020-10-28;57;72;0.05;0.0;0.0;4.03
2019-03-13;32;64;0.0;0.0;0.0;4.7
2020-10-31;44;60;0.0;0.0;0.0;5.82
2019-03-14;50;75;0.0;0.0;0.0;10.29
2020-11-04;37;70;0.0;0.0;0.0;1.34
2019-03-17;35;57;0.0;0.0;0.0;3.8
2020-11-23;40;63;0.01;0.0;0.0;4.92
2019-03-20;32;53;0.05;0.0;0.0;6.71
2020-11-27;49;67;0.0;0.0;0.0;2.46
2019-03-25;51;71;0.54;0.0;0.0;7.38
2020-11-29;36;63;0.54;0.0;0.0;3.58
2019-03-30;53;76;0.0;0.0;0.0;10.74
2020-12-21;42;55;0.0;0.0;0.0;6.93
2019-03-31;44;65;0.01;0.0;0.0;9.17
2020-12-25;26;57;0.05;0.0;0.0;10.51
2019-04-10;54;74;0.0;0.0;0.0;4.25
2020-12-27;24;51;0.0;0.0;0.0;2.24
2019-04-15;47;71;0.05;0.0;0.0;10.51
2020-12-29;32;51;0.0;0.0;0.0;5.14
2019-04-27;45;74;0.0;0.0;0.0;8.05
2020-12-30;26;46;0.06;0.0;0.0;1.79
2019-04-29;54;69;0.0;0.0;0.0;7.61
2021-01-01;41;55;0.65;0.0;0.0;7.83
2019-05-04;65;86;0.63;0.0;0.0;7.38
2021-01-02;42;57;0.6;0.0;0.0;3.13
2019-05-17;58;85;0.0;0.0;0.0;6.26
2021-01-07;27;49;0.0;0.0;0.0;2.91
2019-05-18;62;91;0.0;0.0;0.0;2.01
2021-01-08;35;40;0.35;0.0;0.0;5.59
2019-05-19;69;89;0.0;0.0;0.0;10.74
2021-01-12;34;56;0.09;0.0;0.0;1.79
2019-05-20;69;88;0.0;0.0;0.0;10.96
2021-01-19;27;57;0.0;0.0;0.0;6.04
2019-05-22;62;80;0.0;0.0;0.0;6.04
2021-01-23;25;48;0.0;0.0;0.0;4.03
2019-05-28;67;96;0.0;0.0;0.0;6.04
2021-01-25;39;46;0.37;0.0;0.0;3.8
2019-05-29;68;95;0.0;0.0;0.0;5.37
2021-02-02;33;45;0.0;0.0;0.0;9.4
2019-06-03;60;82;0.0;0.0;0.0;4.7
2021-02-04;23;53;0.0;0.0;0.0;5.14
2019-06-06;69;90;0.0;0.0;0.0;7.61
2021-02-15;35;43;0.63;0.0;0.0;6.26
2019-06-11;61;81;0.02;0.0;0.0;6.26
2021-02-19;32;44;0.42;0.0;0.0;4.7
2019-06-13;61;79;0.35;0.0;0.0;7.61
2021-03-05;34;52;0.0;0.0;0.0;4.7
2019-06-15;51;83;0.0;0.0;0.0;6.93
2021-03-06;33;55;0.0;0.0;0.0;2.68
2019-06-18;71;91;0.06;0.0;0.0;9.4
2021-03-09;33;72;0.0;0.0;0.0;3.36
2019-06-26;68;89;0.0;0.0;0.0;2.46
2021-03-16;35;45;0.37;0.0;0.0;4.92
2019-06-27;67;93;0.0;0.0;0.0;3.36
2021-03-27;55;77;0.91;0.0;0.0;4.25
2019-06-29;68;92;0.03;0.0;0.0;4.03
2021-03-30;40;74;0.0;0.0;0.0;7.38
2019-07-06;74;93;0.0;0.0;0.0;8.95
2021-04-13;49;76;0.0;0.0;0.0;4.03
2019-07-20;73;95;0.0;0.0;0.0;5.37
2021-04-17;43;65;0.0;0.0;0.0;0.89
2019-07-31;69;95;0.24;0.0;0.0;3.36
2021-04-22;32;61;0.0;0.0;0.0;5.82
2019-08-13;73;96;0.56;0.0;0.0;7.61
2021-05-03;66;79;0.2;0.0;0.0;11.86
2019-08-18;70;92;0.0;0.0;0.0;2.91
2021-05-07;43;64;0.33;0.0;0.0;2.91
2019-08-22;71;95;0.34;0.0;0.0;6.71
2021-05-25;65;85;0.0;0.0;0.0;4.7
2019-08-26;61;79;0.0;0.0;0.0;6.49
2021-05-31;51;75;0.0;0.0;0.0;1.34
2019-09-07;63;90;0.0;0.0;0.0;3.58
2021-06-04;71;85;0.02;0.0;0.0;5.82
2019-09-11;68;92;0.0;0.0;0.0;3.8
2021-06-07;72;89;0.0;0.0;0.0;8.28
2019-09-15;67;86;0.0;0.0;0.0;3.36
2021-06-12;70;80;0.03;0.0;0.0;7.38
2019-09-22;63;90;0.0;0.0;0.0;7.61
2021-06-17;58;82;0.0;0.0;0.0;3.58
2019-09-27;68;88;0.0;0.0;0.0;8.05
2021-06-18;56;88;0.0;0.0;0.0;5.37
2019-10-03;70;100;0.0;0.0;0.0;3.58
2021-06-19;71;92;0.0;0.0;0.0;11.63
2019-10-07;58;85;0.0;0.0;0.0;3.58
2021-06-21;72;91;0.0;0.0;0.0;9.4
2019-10-10;53;75;0.0;0.0;0.0;4.7
2021-06-23;59;79;0.0;0.0;0.0;5.59
2019-10-17;45;66;0.0;0.0;0.0;8.28
2021-06-24;57;79;0.0;0.0;0.0;6.93
2019-10-18;40;68;0.0;0.0;0.0;2.46
2021-06-26;70;86;0.03;0.0;0.0;4.7
2019-10-24;40;73;0.0;0.0;0.0;1.57
2021-06-29;71;91;0.0;0.0;0.0;5.59
2019-10-27;61;85;0.13;0.0;0.0;8.28
2021-07-04;60;84;0.0;0.0;0.0;2.24
2019-10-30;62;70;0.35;0.0;0.0;5.82
2021-07-13;73;90;0.0;0.0;0.0;9.4
2019-11-05;45;73;0.0;0.0;0.0;1.12
2021-07-21;71;89;0.0;0.0;0.0;4.25
2019-11-13;25;40;0.0;0.0;0.0;5.59
2021-07-22;70;86;0.0;0.0;0.0;4.92
2019-11-16;42;50;0.0;0.0;0.0;15.66
2021-07-23;66;87;0.0;0.0;0.0;4.25
2019-11-23;47;60;0.76;0.0;0.0;7.61
2021-08-03;66;75;0.11;0.0;0.0;7.16
2019-12-05;30;58;0.0;0.0;0.0;3.13
2021-08-19;73;94;0.44;0.0;0.0;3.8
2019-12-06;31;56;0.0;0.0;0.0;4.47
2021-08-23;68;92;0.0;0.0;0.0;2.01
2019-12-09;43;61;0.0;0.0;0.0;7.16
2021-08-25;72;95;0.0;0.0;0.0;2.24
2019-12-10;48;76;0.15;0.0;0.0;9.84
2021-08-28;73;95;0.0;0.0;0.0;4.92
2019-12-12;28;45;0.0;0.0;0.0;6.93
2021-09-03;54;83;0.0;0.0;0.0;3.13
2019-12-13;36;49;1.4;0.0;0.0;4.25
2021-09-08;72;93;0.0;0.0;0.0;7.61
2019-12-17;45;64;0.41;0.0;0.0;10.96
2021-09-09;63;75;1.6;0.0;0.0;5.14
2019-12-22;26;48;0.04;0.0;0.0;0.45
2021-09-12;62;87;0.0;0.0;0.0;6.26
2019-12-26;34;66;0.0;0.0;0.0;1.12
2021-09-19;66;90;0.0;0.0;0.0;4.47
2019-12-28;48;71;0.0;0.0;0.0;1.79
2021-09-20;70;84;0.0;0.0;0.0;8.28
2020-01-04;43;65;0.45;0.0;0.0;9.17
2021-09-22;63;80;0.73;0.0;0.0;8.95
2020-01-09;30;51;0.0;0.0;0.0;6.04
2021-09-28;59;87;0.0;0.0;0.0;4.7
2020-01-13;63;67;0.46;0.0;0.0;5.37
2021-10-05;66;88;0.0;0.0;0.0;3.36
2020-01-20;26;39;0.0;0.0;0.0;5.82
2021-10-10;64;76;0.0;0.0;0.0;8.05
2020-01-24;39;65;0.21;0.0;0.0;9.84
2021-10-15;59;85;0.0;0.0;0.0;2.91
2020-01-25;39;59;0.55;0.0;0.0;5.14
2021-10-20;45;79;0.0;0.0;0.0;2.01
2020-02-03;42;74;0.0;0.0;0.0;7.38
2021-10-29;55;71;0.58;0.0;0.0;9.62
2020-02-11;61;71;0.42;0.0;0.0;12.3
2021-11-01;43;70;0.0;0.0;0.0;2.01
2020-02-17;37;59;0.0;0.0;0.0;5.14
2021-11-05;34;53;0.0;0.0;0.0;6.26
2020-02-20;33;43;0.47;2.5;0.0;6.49
2021-11-15;33;54;0.0;0.0;0.0;4.47
2020-02-28;27;53;0.01;0.0;0.0;7.61
2021-11-21;34;64;0.0;0.0;0.0;1.12
2020-02-29;29;47;0.0;0.0;0.0;6.71
2021-11-23;27;47;0.0;0.0;0.0;3.58
2020-03-08;28;63;0.0;0.0;0.0;4.47
2021-11-28;35;62;0.0;0.0;0.0;4.7
2020-03-09;37;69;0.0;0.0;0.0;11.41
2021-12-17;54;73;0.0;0.0;0.0;6.93
2020-03-25;45;57;0.86;0.0;0.0;7.16
2021-12-20;29;44;0.0;0.0;0.0;4.47
2020-03-26;47;61;0.0;0.0;0.0;5.14
2021-12-23;27;51;0.0;0.0;0.0;2.91
2020-03-27;52;81;0.0;0.0;0.0;8.5
2022-01-02;59;70;0.81;0.0;0.0;11.4
2020-03-30;62;77;0.0;0.0;0.0;7.16
2022-01-03;31;60;2.29;0.0;0.0;10.3
2020-04-09;57;80;0.09;0.0;0.0;10.07
2022-01-06;37;59;0.0;0.0;0.0;4.7
2020-04-14;52;74;0.0;0.0;0.0;6.71
2022-01-11;27;41;0.0;0.0;0.0;3.4
2020-04-19;39;70;0.0;0.0;0.0;4.03
2022-01-12;25;53;0.0;0.0;0.0;6.3
2020-04-20;51;62;0.68;0.0;0.0;4.92
2022-01-13;27;53;0.0;0.0;0.0;1.6
2020-04-23;55;66;0.1;0.0;0.0;7.83
2022-01-14;37;56;0.0;0.0;0.0;3.6
2020-04-24;61;80;0.01;0.0;0.0;10.51
2022-01-16;25;38;1.22;0.0;0.0;12.3
2020-05-17;60;86;0.0;0.0;0.0;7.16
2022-01-18;25;49;0.0;0.0;0.0;3.4
2020-05-20;53;59;1.59;0.0;0.0;13.65
2022-01-20;30;50;0.34;0.0;0.0;8.3
2020-05-21;59;70;0.67;0.0;0.0;12.08
2022-01-30;15;44;0.0;0.0;0.0;4.3
2020-05-24;62;87;0.12;0.0;0.0;4.7
2022-01-31;22;53;0.0;0.0;0.0;2.7
2020-05-27;67;78;0.37;0.0;0.0;8.28
2022-02-01;28;52;0.0;0.0;0.0;4.3
2020-06-03;67;91;0.0;0.0;0.0;11.41
2022-02-06;23;44;0.0;0.0;0.0;6.5
2020-06-06;72;90;0.0;0.0;0.0;6.04
2022-02-14;27;50;0.0;0.0;0.0;3.4
2020-06-12;68;85;0.0;0.0;0.0;6.04
2022-02-25;42;69;0.01;0.0;0.0;5.4
2020-06-14;59;81;0.0;0.0;0.0;8.28
2022-02-27;36;46;0.19;0.0;0.0;3.1
2020-06-24;70;88;0.0;0.0;0.0;4.92
2022-03-04;41;60;0.0;0.0;0.0;6.9
2020-07-12;67;93;0.0;0.0;0.0;3.36
2022-03-06;62;81;0.0;0.0;0.0;14.3
2020-07-15;71;94;0.0;0.0;0.0;4.7
2022-03-14;32;67;0.0;0.0;0.0;3.8
2020-07-23;73;95;0.36;0.0;0.0;6.26
2022-03-16;48;72;0.65;0.0;0.0;4.7
2020-07-24;72;90;0.01;0.0;0.0;6.49
2022-03-18;48;77;0.0;0.0;0.0;7.2
2020-07-25;71;94;0.38;0.0;0.0;4.25
2022-03-28;29;61;0.0;0.0;0.0;7.6
2020-07-27;74;96;0.0;0.0;0.0;7.16
2022-04-08;49;68;0.16;0.0;0.0;7.4
2020-07-29;72;92;0.59;0.0;0.0;5.14
2022-04-10;39;64;0.0;0.0;0.0;7.8
2020-08-01;75;94;0.0;0.0;0.0;6.26
2022-04-25;59;85;0.0;0.0;0.0;8.5
2020-08-05;71;89;0.0;0.0;0.0;5.37
2022-04-30;55;72;0.0;0.0;0.0;3.6
2020-08-22;73;86;0.01;0.0;0.0;5.14
2022-05-11;53;77;0.0;0.0;0.0;11.2
2020-08-23;72;89;0.0;0.0;0.0;8.5
2022-05-19;70;92;0.01;0.0;0.0;9.4
2020-08-29;77;87;0.03;0.0;0.0;11.86
2022-05-26;61;82;0.01;0.0;0.0;5.8
2020-09-06;57;82;0.0;0.0;0.0;3.58
2022-05-28;61;82;0.62;0.0;0.0;2.5
2020-09-09;72;82;0.03;0.0;0.0;7.38
2022-05-29;59;88;0.0;0.0;0.0;2.7
2020-09-11;73;88;0.05;0.0;0.0;4.92
2020-09-13;64;85;0.0;0.0;0.0;3.8
2020-09-14;66;85;0.0;0.0;0.0;6.71
2020-09-19;51;66;0.0;0.0;0.0;9.62
2020-09-20;51;70;0.0;0.0;0.0;9.62
2020-09-22;44;72;0.0;0.0;0.0;2.46
2020-09-23;50;73;0.0;0.0;0.0;1.34
2020-09-24;58;72;0.11;0.0;0.0;2.24
2020-09-25;61;69;1.9;0.0;0.0;5.82
2020-09-28;63;83;0.01;0.0;0.0;6.93
2020-09-30;53;72;0.0;0.0;0.0;5.59
2020-10-07;57;83;0.0;0.0;0.0;5.82
2020-10-13;54;82;0.0;0.0;0.0;3.58
2020-10-19;51;75;0.0;0.0;0.0;0.67
2020-10-20;53;80;0.0;0.0;0.0;1.12
2020-10-30;48;74;0.28;0.0;0.0;6.49
2020-11-03;33;66;0.0;0.0;0.0;3.13
2020-11-08;52;79;0.0;0.0;0.0;4.47
2020-11-10;54;79;0.0;0.0;0.0;4.03
2020-11-12;59;71;2.94;0.0;0.0;6.04
2020-11-15;51;76;0.0;0.0;0.0;10.51
2020-11-18;31;52;0.0;0.0;0.0;2.91
2020-11-22;41;70;0.0;0.0;0.0;2.01
2020-11-25;37;67;0.0;0.0;0.0;6.93
2020-11-28;41;67;0.0;0.0;0.0;1.34
2020-12-02;29;53;0.0;0.0;0.0;4.47
2020-12-09;26;53;0.0;0.0;0.0;6.04
2020-12-11;35;68;0.0;0.0;0.0;1.34
2020-12-12;44;65;0.0;0.0;0.0;6.71
2020-12-22;32;56;0.0;0.0;0.0;6.26
2020-12-28;31;61;0.0;0.0;0.0;5.37
2021-01-04;34;49;0.0;0.0;0.0;1.12
2021-01-13;26;57;0.0;0.0;0.0;2.91
2021-01-15;33;57;0.24;0.0;0.0;6.04
2021-01-20;31;54;0.0;0.0;0.0;6.04
2021-02-05;39;49;0.16;0.0;0.0;8.28
2021-02-12;32;37;0.05;0.0;0.0;9.62
2021-02-13;32;35;0.77;0.0;0.0;7.61
2021-02-21;22;46;0.0;0.0;0.0;6.49
2021-02-23;31;65;0.0;0.0;0.0;6.93
2021-03-02;37;51;0.0;0.0;0.0;2.91
2021-03-08;26;61;0.0;0.0;0.0;1.12
2021-03-17;43;59;0.0;0.0;0.0;4.25
2021-03-21;41;67;0.0;0.0;0.0;11.86
2021-03-29;43;63;0.0;0.0;0.0;4.7
2021-03-31;60;74;0.4;0.0;0.0;7.83
2021-04-03;26;60;0.0;0.0;0.0;3.13
2021-04-04;36;74;0.0;0.0;0.0;5.37
2021-04-10;57;79;0.24;0.0;0.0;8.95
2021-04-12;49;79;0.0;0.0;0.0;4.25
2021-04-16;38;69;0.0;0.0;0.0;4.92
2021-04-19;47;66;0.01;0.0;0.0;4.7
2021-04-21;42;77;0.0;0.0;0.0;10.74
2021-04-29;67;86;0.0;0.0;0.0;16.11
2021-05-01;49;74;0.0;0.0;0.0;4.25
2021-05-05;63;85;0.0;0.0;0.0;10.07
2021-05-16;45;73;0.01;0.0;0.0;1.79
2021-05-18;57;76;0.0;0.0;0.0;3.58
2021-05-27;67;92;0.0;0.0;0.0;3.13
2021-05-29;54;85;0.06;0.0;0.0;9.17
2021-06-15;64;85;0.0;0.0;0.0;5.14
2021-06-16;59;83;0.0;0.0;0.0;3.36
2021-06-28;67;90;0.0;0.0;0.0;4.92
2021-06-30;73;92;0.0;0.0;0.0;8.72
2021-07-03;59;81;0.0;0.0;0.0;3.13
2021-07-09;70;91;0.52;0.0;0.0;6.26
2021-07-12;74;90;0.0;0.0;0.0;10.07
2021-07-16;73;93;0.0;0.0;0.0;6.71
2021-07-27;71;93;0.0;0.0;0.0;4.92
2021-07-29;68;94;0.0;0.0;0.0;8.28
2021-07-30;76;96;0.0;0.0;0.0;6.71
2021-08-02;69;85;0.0;0.0;0.0;7.16
2021-08-04;66;81;0.03;0.0;0.0;8.05
2021-08-06;61;87;0.39;0.0;0.0;2.91
2021-08-10;73;96;0.0;0.0;0.0;6.49
2021-08-11;74;97;0.0;0.0;0.0;7.61
2021-08-12;74;98;0.0;0.0;0.0;6.71
2021-08-17;73;86;0.08;0.0;0.0;6.04
2021-08-18;76;91;0.1;0.0;0.0;9.4
2021-08-29;71;95;0.0;0.0;0.0;2.46
2021-09-01;68;88;0.21;0.0;0.0;13.65
2021-09-02;58;81;0.0;0.0;0.0;6.71
2021-09-04;54;85;0.0;0.0;0.0;2.91
2021-09-05;64;89;0.0;0.0;0.0;8.5
2021-09-07;62;91;0.0;0.0;0.0;4.03
2021-09-14;67;91;0.0;0.0;0.0;6.04
2021-09-18;71;86;0.0;0.0;0.0;2.46
2021-09-23;54;78;0.0;0.0;0.0;3.58
2021-09-26;51;78;0.0;0.0;0.0;2.91
2021-09-29;60;84;0.0;0.0;0.0;4.25
2021-10-17;45;66;0.0;0.0;0.0;4.25
2021-10-23;50;73;0.0;0.0;0.0;2.24
2021-10-24;48;78;0.0;0.0;0.0;4.25
2021-10-25;61;79;1.04;0.0;0.0;5.14
2021-10-27;46;70;0.0;0.0;0.0;3.36
2021-10-28;47;72;0.28;0.0;0.0;6.93
2021-11-02;45;66;0.0;0.0;0.0;5.14
2021-11-10;43;79;0.0;0.0;0.0;1.34
2021-11-11;45;75;0.02;0.0;0.0;5.82
2021-11-12;46;71;0.0;0.0;0.0;5.14
2021-11-17;42;75;0.0;0.0;0.0;6.04
2021-11-19;33;59;0.0;0.0;0.0;5.59
2021-11-22;41;57;0.52;0.0;0.0;4.25
2021-11-29;27;49;0.0;0.0;0.0;4.03
2021-12-01;30;67;0.0;0.0;0.0;3.36
2021-12-04;44;73;0.0;0.0;0.0;3.58
2021-12-06;47;73;0.0;0.0;0.0;11.41
2021-12-10;37;59;0.0;0.0;0.0;2.46
2021-12-11;55;73;0.41;0.0;0.0;12.3
2021-12-14;28;61;0.0;0.0;0.0;3.58
2021-12-15;32;62;0.0;0.0;0.0;2.01
2021-12-18;59;71;0.02;0.0;0.0;9.4
2021-12-28;53;75;0.0;0.0;0.0;9.17
2022-01-08;21;42;0.0;0.0;0.0;3.8
2022-01-17;33;42;0.0;0.0;0.0;13.0
2022-01-26;28;42;0.0;0.0;0.0;8.5
2022-02-05;27;47;0.0;0.0;0.0;6.5
2022-02-08;33;50;0.0;0.0;0.0;2.9
2022-02-15;23;53;0.0;0.0;0.0;3.8
2022-02-16;33;67;0.0;0.0;0.0;8.3
2022-02-20;26;54;0.0;0.0;0.0;5.4
2022-02-22;59;73;0.0;0.0;0.0;11.4
2022-02-23;55;71;0.09;0.0;0.0;4.9
2022-03-05;45;70;0.0;0.0;0.0;6.0
2022-03-09;45;52;0.42;0.0;0.0;4.5
2022-03-10;43;49;0.05;0.0;0.0;7.2
2022-03-13;23;52;0.0;0.0;0.0;8.3
2022-03-20;46;67;0.0;0.0;0.0;7.6
2022-03-22;47;76;0.0;0.0;0.0;8.1
2022-03-23;59;74;0.13;0.0;0.0;9.8
2022-04-01;46;69;0.0;0.0;0.0;9.6
2022-04-02;35;66;0.0;0.0;0.0;3.8
2022-04-06;61;81;0.0;0.0;0.0;9.2
2022-04-11;43;82;0.0;0.0;0.0;7.4
2022-04-14;67;82;0.0;0.0;0.0;12.3
2022-04-17;56;75;0.0;0.0;0.0;
2022-04-23;59;83;0.0;0.0;0.0;6.5
2022-04-28;45;71;0.0;0.0;0.0;4.3
2022-05-27;68;81;1.12;0.0;0.0;10.7
2017-01-04;41;64;0.0;0.0;0.0;5.82
2017-01-12;54;73;0.0;0.0;0.0;12.53
2017-01-17;47;62;0.04;0.0;0.0;8.28
2017-01-27;30;51;0.0;0.0;0.0;6.49
2017-01-29;30;54;0.02;0.0;0.0;8.05
2017-01-31;31;68;0.0;0.0;0.0;12.75
2017-02-01;42;70;0.0;0.0;0.0;3.8
2017-02-13;37;64;0.0;0.0;0.0;7.16
2017-02-15;39;56;0.34;0.0;0.0;5.37
2017-02-17;34;66;0.0;0.0;0.0;6.71
2017-03-14;30;54;0.25;0.0;0.0;10.51
2017-03-19;36;57;0.0;0.0;0.0;7.16
2017-03-21;50;82;0.2;0.0;0.0;5.82
2017-03-27;59;79;0.06;0.0;0.0;9.17
2017-03-30;55;67;0.0;0.0;0.0;8.95
2017-03-31;58;79;0.42;0.0;0.0;10.74
2017-04-12;56;83;0.0;0.0;0.0;4.03
2017-04-19;55;69;0.0;0.0;0.0;3.58
2017-04-26;56;81;0.0;0.0;0.0;5.37
2017-04-27;62;82;0.0;0.0;0.0;10.51
2017-04-29;72;89;0.0;0.0;0.0;10.07
2017-04-30;70;86;0.02;0.0;0.0;10.51
2017-05-05;56;78;1.48;0.0;0.0;15.88
2017-05-14;49;81;0.0;0.0;0.0;7.16
2017-05-16;57;87;0.0;0.0;0.0;3.58
2017-05-27;61;88;0.0;0.0;0.0;6.04
2017-05-31;68;86;0.0;0.0;0.0;4.7
2017-06-07;59;77;0.0;0.0;0.0;10.29
2017-06-19;70;92;0.09;0.0;0.0;11.86
2017-06-24;71;91;0.46;0.0;0.0;7.83
2017-06-26;60;85;0.0;0.0;0.0;3.36
2017-06-29;60;87;0.0;0.0;0.0;6.71
2017-07-01;73;90;0.0;0.0;0.0;9.17
2017-07-03;70;93;0.15;0.0;0.0;2.91
2017-07-07;73;91;0.0;0.0;0.0;8.95
2017-07-09;69;88;0.0;0.0;0.0;3.36
2017-07-21;74;98;0.0;0.0;0.0;5.59
2017-07-24;71;93;0.0;0.0;0.0;7.16
2017-07-31;58;87;0.0;0.0;0.0;4.47
2017-08-02;66;91;0.0;0.0;0.0;3.36
2017-08-05;68;92;0.0;0.0;0.0;6.49
2017-08-12;73;92;0.48;0.0;0.0;5.37
2017-08-29;64;71;0.22;0.0;0.0;8.5
2017-09-07;53;76;0.0;0.0;0.0;2.91
2017-09-10;51;71;0.0;0.0;0.0;8.95
2017-09-12;63;79;0.63;0.0;0.0;10.74
2017-09-19;64;85;0.0;0.0;0.0;4.25
2017-09-26;69;85;0.0;0.0;0.0;7.61
2017-09-27;68;91;0.0;0.0;0.0;5.59
2017-10-01;48;71;0.0;0.0;0.0;7.16
2017-10-07;59;86;0.15;0.0;0.0;6.26
2017-10-16;51;69;0.25;0.0;0.0;5.82
2017-10-22;51;79;0.0;0.0;0.0;3.13
2017-10-27;38;73;0.0;0.0;0.0;5.82
2017-11-01;46;73;0.0;0.0;0.0;4.25
2017-11-07;44;63;0.1;0.0;0.0;6.49
2017-11-12;28;49;0.03;0.0;0.0;1.57
2017-11-15;33;54;0.0;0.0;0.0;3.58
2017-11-17;34;57;0.0;0.0;0.0;2.91
2017-11-21;30;64;0.0;0.0;0.0;2.91
2017-11-27;26;61;0.0;0.0;0.0;1.34
2017-12-09;32;34;0.3;0.0;0.0;5.82
2017-12-11;26;55;0.0;0.0;0.0;4.92
2017-12-13;21;43;0.0;0.0;0.0;8.72
2017-12-16;24;50;0.0;0.0;0.0;3.58
2017-12-19;36;70;0.0;0.0;0.0;4.47
2017-12-21;36;53;0.0;0.0;0.0;4.47
2017-12-24;43;61;0.0;0.0;0.0;7.38
2017-12-27;27;45;0.0;0.0;0.0;4.7
2017-12-31;23;35;0.0;0.0;0.0;10.07
2018-01-05;12;31;0.0;0.0;0.0;5.59
2018-01-13;29;56;0.0;0.0;0.0;9.62
2018-01-15;17;39;0.0;0.0;0.0;3.8
2018-01-16;20;47;0.0;0.0;0.0;1.79
2018-01-18;10;34;0.0;0.2;5.9;5.59
2018-01-22;38;62;0.0;0.0;0.0;4.7
2018-02-04;33;56;0.61;0.0;0.0;6.49
2018-03-01;50;57;0.59;0.0;0.0;4.47
2018-03-06;32;42;0.45;0.0;0.0;4.47
2018-03-15;24;65;0.0;0.0;0.0;11.63
2018-03-16;39;68;0.0;0.0;0.0;5.82
2018-03-18;40;60;0.01;0.0;0.0;6.04
2018-03-19;44;65;0.0;0.0;0.0;5.59
2018-03-21;32;42;0.05;0.0;0.0;6.93
2018-03-26;32;53;0.0;0.0;0.0;10.29
2018-03-28;43;76;0.0;0.0;0.0;10.74
2018-04-02;51;81;0.0;0.0;0.0;9.84
2018-04-05;34;61;0.0;0.0;0.0;3.58
2018-04-07;33;62;0.99;0.0;0.0;8.05
2018-04-17;33;62;0.0;0.0;0.0;9.4
2018-04-29;44;66;0.0;0.0;0.0;5.82
2018-04-30;36;72;0.0;0.0;0.0;4.03
2018-05-10;59;87;0.18;0.0;0.0;9.17
2018-05-15;69;88;0.02;0.0;0.0;8.72
2018-05-16;68;85;0.76;0.0;0.0;6.71
2018-05-19;69;75;0.59;0.0;0.0;8.5
2018-05-31;71;88;0.0;0.0;0.0;7.16
2018-06-04;64;85;0.0;0.0;0.0;5.59
2018-06-09;68;89;0.0;0.0;0.0;2.68
2018-06-19;73;96;0.0;0.0;0.0;5.59
2018-06-22;71;95;0.0;0.0;0.0;6.04
2018-06-23;74;92;0.18;0.0;0.0;8.72
2018-06-27;65;86;0.0;0.0;0.0;3.58
2018-06-29;70;92;0.0;0.0;0.0;4.25
2018-07-03;75;95;0.0;0.0;0.0;6.49
2018-07-11;67;96;0.05;0.0;0.0;3.8
2018-07-12;72;87;0.01;0.0;0.0;7.61
2018-08-05;72;93;0.0;0.0;0.0;3.36
2018-08-11;72;91;0.04;0.0;0.0;4.47
2018-08-17;73;91;0.0;0.0;0.0;9.62
2018-08-23;60;80;0.0;0.0;0.0;5.14
2018-08-28;71;94;0.0;0.0;0.0;6.04
2018-08-30;73;95;0.0;0.0;0.0;6.49
2018-09-01;71;93;0.19;0.0;0.0;4.92
2018-09-12;72;88;0.13;0.0;0.0;5.14
2018-09-17;72;88;1.32;0.0;0.0;11.63
2018-09-21;70;83;0.0;0.0;0.0;4.92
2018-09-23;64;76;0.0;0.0;0.0;5.37
2018-09-24;64;74;0.0;0.0;0.0;5.82
2018-09-29;60;82;0.0;0.0;0.0;3.36
2018-10-02;61;83;0.0;0.0;0.0;3.8
2018-10-05;68;90;0.0;0.0;0.0;3.8
2018-10-06;68;82;0.0;0.0;0.0;3.58
2018-10-19;39;69;0.0;0.0;0.0;3.13
2018-10-28;42;64;0.0;0.0;0.0;8.5
2018-10-31;42;72;0.0;0.0;0.0;8.5
2018-11-03;39;61;0.0;0.0;0.0;5.82
2018-11-07;49;73;0.0;0.0;0.0;1.34
2018-11-11;28;51;0.0;0.0;0.0;4.03
2018-11-17;33;59;0.0;0.0;0.0;1.57
2018-11-30;42;68;0.02;0.0;0.0;8.72
2018-12-21;46;65;0.04;0.0;0.0;14.99
2018-12-24;29;51;0.0;0.0;0.0;4.03
2018-12-27;29;54;0.02;0.0;0.0;5.14
2018-12-31;47;67;0.13;0.0;0.0;8.05
2019-01-01;51;71;0.0;0.0;0.0;7.38
2019-01-03;47;55;0.21;0.0;0.0;2.68
2019-01-08;46;67;0.0;0.0;0.0;9.17
2019-01-13;32;37;1.04;0.0;0.0;7.38
2019-01-15;28;47;0.0;0.0;0.0;1.34
2019-01-19;37;59;0.0;0.0;0.0;8.05
2017-01-03;47;56;0.31;0.0;0.0;5.37
2019-01-23;31;64;0.04;0.0;0.0;7.83
2017-01-07;20;32;0.6;0.5;0.0;9.62
2019-02-06;47;77;0.0;0.0;0.0;7.16
2017-01-10;24;48;0.0;0.0;1.2;5.14
2019-02-08;45;75;0.0;0.0;0.0;9.17
2017-01-13;50;76;0.01;0.0;0.0;7.38
2019-02-27;40;50;0.29;0.0;0.0;3.13
2017-01-15;40;57;0.02;0.0;0.0;5.82
2019-02-28;42;62;0.0;0.0;0.0;5.82
2017-01-18;45;70;0.0;0.0;0.0;6.49
2019-03-07;23;50;0.0;0.0;0.0;2.46
2017-01-21;51;55;0.38;0.0;0.0;3.58
2019-03-08;39;49;0.1;0.0;0.0;4.7
2017-01-25;36;73;0.0;0.0;0.0;7.61
2019-03-22;42;63;0.0;0.0;0.0;9.4
2017-01-28;27;52;0.0;0.0;0.0;9.4
2019-03-27;30;57;0.0;0.0;0.0;6.93
2017-02-09;32;60;0.11;0.0;0.0;10.96
2019-03-28;32;66;0.0;0.0;0.0;3.58
2017-02-18;37;73;0.0;0.0;0.0;7.61
2019-04-03;31;69;0.0;0.0;0.0;4.7
2017-02-19;44;73;0.0;0.0;0.0;4.7
2019-04-08;57;81;1.98;0.0;0.0;8.5
2017-02-20;42;73;0.0;0.0;0.0;1.79
2019-04-09;61;74;0.04;0.0;0.0;5.82
2017-02-23;50;77;0.0;0.0;0.0;3.36
2019-04-11;47;79;0.0;0.0;0.0;6.49
2017-02-28;50;77;0.0;0.0;0.0;7.16
2019-04-12;59;69;0.65;0.0;0.0;9.17
2017-03-04;25;54;0.0;0.0;0.0;2.46
2019-04-22;43;73;0.0;0.0;0.0;1.79
2017-03-07;49;74;0.0;0.0;0.0;13.87
2019-04-23;46;81;0.0;0.0;0.0;7.38
2017-03-09;37;75;0.0;0.0;0.0;6.04
2019-04-30;60;86;0.0;0.0;0.0;8.5
2017-03-10;41;69;0.0;0.0;0.0;10.74
2019-05-03;63;84;0.0;0.0;0.0;8.28
2017-03-11;31;50;0.0;0.0;0.0;4.47
2019-05-08;62;83;0.0;0.0;0.0;7.38
2017-03-26;52;77;0.0;0.0;0.0;6.93
2019-05-10;66;78;0.0;0.0;0.0;8.28
2017-03-28;60;80;0.06;0.0;0.0;7.61
2019-05-11;64;81;0.18;0.0;0.0;5.37
2017-04-08;34;67;0.0;0.0;0.0;3.13
2019-05-14;47;67;0.0;0.0;0.0;4.92
2017-04-22;56;87;0.09;0.0;0.0;9.4
2019-05-16;51;79;0.0;0.0;0.0;4.03
2017-04-23;53;56;0.77;0.0;0.0;11.18
2019-05-21;63;85;0.0;0.0;0.0;5.82
2017-04-28;69;88;0.0;0.0;0.0;9.17
2019-06-12;59;74;0.35;0.0;0.0;6.71
2017-05-03;53;79;0.0;0.0;0.0;5.14
2019-06-14;53;79;0.0;0.0;0.0;4.03
2017-05-04;57;80;0.29;0.0;0.0;10.74
2019-06-28;70;97;1.09;0.0;0.0;3.8
2017-05-06;53;67;0.02;0.0;0.0;10.96
2019-06-30;69;94;0.0;0.0;0.0;5.14
2017-05-09;43;64;0.01;0.0;0.0;1.79
2019-07-03;70;97;0.0;0.0;0.0;4.03
2017-05-17;66;89;0.0;0.0;0.0;8.95
2019-07-07;75;93;0.21;0.0;0.0;6.04
2017-05-21;60;76;0.0;0.0;0.0;7.61
2019-07-11;75;93;0.0;0.0;0.0;9.17
2017-06-06;64;83;0.0;0.0;0.0;3.8
2019-07-14;72;96;0.0;0.0;0.0;3.36
2017-06-08;55;73;0.0;0.0;0.0;7.38
2019-07-15;70;95;0.35;0.0;0.0;4.25
2017-06-09;53;83;0.0;0.0;0.0;4.03
2019-07-17;76;98;0.03;0.0;0.0;8.95
2017-06-13;67;89;0.0;0.0;0.0;8.05
2019-07-19;74;98;0.0;0.0;0.0;6.93
2017-06-17;72;86;0.21;0.0;0.0;5.82
2019-07-21;73;99;0.0;0.0;0.0;9.62
2017-06-22;71;84;0.0;0.0;0.0;8.05
2019-07-24;62;84;0.0;0.0;0.0;4.7
2017-06-23;73;91;0.04;0.0;0.0;13.65
2019-07-25;63;87;0.0;0.0;0.0;4.25
2017-06-27;59;83;0.0;0.0;0.0;3.8
2019-07-30;68;94;0.0;0.0;0.0;6.26
2017-07-04;71;92;0.84;0.0;0.0;3.8
2019-08-02;68;87;0.21;0.0;0.0;5.14
2017-07-15;75;94;0.0;0.0;0.0;5.82
2019-08-10;71;91;0.0;0.0;0.0;3.58
2017-07-23;71;102;0.56;0.0;0.0;8.95
2019-08-16;70;88;0.64;0.0;0.0;3.13
2017-07-27;72;94;0.02;0.0;0.0;7.61
2019-08-17;72;91;0.0;0.0;0.0;4.47
2017-08-08;68;78;1.5;0.0;0.0;5.82
2019-08-19;72;95;0.0;0.0;0.0;6.26
2017-08-10;63;88;0.0;0.0;0.0;4.03
2019-08-28;69;88;0.0;0.0;0.0;2.91
2017-08-16;74;92;0.0;0.0;0.0;4.03
2019-09-01;63;86;0.0;0.0;0.0;5.59
2017-08-17;75;94;0.24;0.0;0.0;4.92
2019-09-10;70;89;0.0;0.0;0.0;3.8
2017-08-22;74;96;0.0;0.0;0.0;7.61
2019-09-12;71;96;0.0;0.0;0.0;4.03
2017-08-25;68;85;0.0;0.0;0.0;5.14
2019-09-13;71;82;0.01;0.0;0.0;8.95
2017-09-03;62;83;0.0;0.0;0.0;4.25
2019-09-17;66;88;0.07;0.0;0.0;5.82
2017-09-14;64;83;0.0;0.0;0.0;6.04
2019-09-18;60;79;0.0;0.0;0.0;7.61
2017-09-15;63;85;0.0;0.0;0.0;1.79
2019-09-30;71;88;0.0;0.0;0.0;6.04
2017-09-16;62;85;0.0;0.0;0.0;3.8
2019-10-12;52;86;0.0;0.0;0.0;4.03
2017-09-17;63;85;0.0;0.0;0.0;5.59
2019-10-22;57;77;0.18;0.0;0.0;6.04
2017-09-21;65;88;0.0;0.0;0.0;1.79
2019-11-30;46;50;0.25;0.0;0.0;4.03
2017-09-23;61;87;0.0;0.0;0.0;4.47
2019-12-11;30;48;0.32;0.0;0.0;4.47
2017-09-24;63;87;0.0;0.0;0.0;5.59
2019-12-16;40;70;0.0;0.0;0.0;7.61
2017-09-29;60;72;0.0;0.0;0.0;6.04
2019-12-18;34;48;0.0;0.0;0.0;6.26
2017-09-30;54;77;0.0;0.0;0.0;7.83
2019-12-19;27;44;0.0;0.0;0.0;1.79
2017-10-04;50;82;0.0;0.0;0.0;2.24
2019-12-23;42;50;0.25;0.0;0.0;5.59
2017-10-05;54;85;0.0;0.0;0.0;3.13
2019-12-27;44;67;0.0;0.0;0.0;2.01
2017-10-08;74;84;0.02;0.0;0.0;8.28
2019-12-31;39;59;0.0;0.0;0.0;6.04
2017-10-09;74;92;0.09;0.0;0.0;11.86
2020-01-01;35;55;0.0;0.0;0.0;4.47
2017-10-10;75;90;0.0;0.0;0.0;6.71
2020-01-11;57;72;0.02;0.0;0.0;12.97
2017-10-17;42;64;0.0;0.0;0.0;5.14
2020-01-12;63;70;0.31;0.0;0.0;9.17
2017-10-18;37;68;0.0;0.0;0.0;2.68
2020-01-26;32;54;0.0;0.0;0.0;4.25
2017-10-19;42;76;0.0;0.0;0.0;1.12
2020-01-29;28;50;0.0;0.0;0.0;2.68
2017-11-03;52;81;0.0;0.0;0.0;2.01
2020-01-30;32;51;0.0;0.0;0.0;5.82
2017-11-11;28;46;0.0;0.0;0.0;5.14
2020-02-02;33;63;0.0;0.0;0.0;10.96
2017-11-16;36;67;0.0;0.0;0.0;3.13
2020-02-04;57;69;0.0;0.0;0.0;10.07
2017-11-25;29;67;0.0;0.0;0.0;4.92
2020-02-08;27;43;0.0;0.0;0.0;5.37
2017-11-28;29;65;0.0;0.0;0.0;2.24
2020-02-21;26;36;0.0;0.0;2.0;7.61
2017-12-02;45;51;0.0;0.0;0.0;2.91
2020-02-22;22;54;0.0;0.0;0.0;2.68
2017-12-05;41;69;0.0;0.0;0.0;4.7
2020-02-26;48;64;0.0;0.0;0.0;6.93
2017-12-06;41;57;0.24;0.0;0.0;4.7
2020-03-01;24;59;0.0;0.0;0.0;5.37
2017-12-08;32;43;1.33;0.3;0.0;5.82
2020-03-06;40;59;0.0;0.0;0.0;7.83
2017-12-10;27;43;0.0;0.0;0.0;5.82
2020-03-14;51;69;0.0;0.0;0.0;5.37
2017-12-17;27;51;0.0;0.0;0.0;2.24
2020-03-17;50;63;0.0;0.0;0.0;5.59
2018-01-03;9;32;0.06;0.9;0.0;4.25
2020-03-22;46;58;0.03;0.0;0.0;10.96
2018-01-08;16;47;0.0;0.0;0.0;5.37
2020-04-06;52;82;0.02;0.0;0.0;5.37
2018-01-11;41;64;0.11;0.0;0.0;6.71
2020-04-10;42;60;0.0;0.0;0.0;8.28
2018-01-12;56;71;0.5;0.0;0.0;11.41
2020-04-18;41;67;0.36;0.0;0.0;9.17
2018-01-25;26;49;0.0;0.0;0.0;3.13
2020-04-29;59;81;0.0;0.0;0.0;15.21
2018-01-26;25;57;0.0;0.0;0.0;4.25
2020-05-03;53;86;0.0;0.0;0.0;9.17
2018-02-02;24;57;0.16;0.0;0.0;7.83
2020-05-05;53;73;0.02;0.0;0.0;8.28
2018-02-05;29;48;0.0;0.0;0.0;4.03
2020-05-23;61;85;0.0;0.0;0.0;4.47
2018-02-10;43;65;0.08;0.0;0.0;4.47
2020-05-28;70;85;0.73;0.0;0.0;6.49
2018-02-11;64;72;0.0;0.0;0.0;14.99
2020-05-30;68;88;0.0;0.0;0.0;3.8
2018-02-14;37;58;0.0;0.0;0.0;6.49
2020-06-05;71;88;0.0;0.0;0.0;8.28
2018-02-18;39;61;0.02;0.0;0.0;5.14
2020-06-10;76;92;0.05;0.0;0.0;11.18
2018-02-23;52;70;0.0;0.0;0.0;4.92
2020-06-19;66;86;0.8;0.0;0.0;5.59
2018-02-24;57;78;0.0;0.0;0.0;11.18
2020-06-21;62;89;0.0;0.0;0.0;2.24
2018-02-26;40;63;0.09;0.0;0.0;4.25
2020-06-22;70;91;0.0;0.0;0.0;7.83
2018-02-27;35;61;0.0;0.0;0.0;2.24
2020-06-27;66;91;0.0;0.0;0.0;5.82
2018-03-04;35;56;0.0;0.0;0.0;6.93
2020-06-29;72;91;0.0;0.0;0.0;4.03
2018-03-05;26;54;0.0;0.0;0.0;4.7
2020-07-02;70;90;0.0;0.0;0.0;5.37
2018-03-07;35;54;0.0;0.0;0.0;6.71
2020-07-17;73;95;0.96;0.0;0.0;6.26
2018-03-08;27;47;0.0;0.0;0.0;4.47
2020-07-19;72;95;0.0;0.0;0.0;7.16
2018-03-09;25;52;0.0;0.0;0.0;6.04
2020-08-13;73;90;0.06;0.0;0.0;3.8
2018-03-10;38;56;0.0;0.0;0.0;3.13
2020-08-27;71;93;0.0;0.0;0.0;7.16
2018-03-11;38;49;0.21;0.0;0.0;7.83
2020-09-01;73;82;0.01;0.0;0.0;2.01
2018-03-23;27;56;0.0;0.0;0.0;3.8
2020-09-12;68;80;0.01;0.0;0.0;8.72
2018-03-27;34;49;0.01;0.0;0.0;5.37
2020-10-03;46;72;0.0;0.0;0.0;5.82
2018-03-29;56;80;0.0;0.0;0.0;13.87
2020-10-10;62;75;0.7;0.0;0.0;2.46
2018-04-03;45;75;0.0;0.0;0.0;7.61
2020-10-15;53;80;0.0;0.0;0.0;5.82
2018-04-06;45;73;0.0;0.0;0.0;11.41
2020-10-21;63;83;0.0;0.0;0.0;2.46
2018-04-14;59;81;0.0;0.0;0.0;13.87
2020-10-23;57;80;0.0;0.0;0.0;1.12
2018-04-18;42;82;0.0;0.0;0.0;9.62
2020-10-24;60;83;0.0;0.0;0.0;3.36
2018-04-24;53;65;0.85;0.0;0.0;12.3
2020-10-25;51;68;0.1;0.0;0.0;8.05
2018-05-02;53;85;0.0;0.0;0.0;10.07
2020-11-09;53;76;0.0;0.0;0.0;3.8
2018-05-04;60;85;0.0;0.0;0.0;12.97
2020-11-14;43;66;0.0;0.0;0.0;3.13
2018-05-06;62;85;0.16;0.0;0.0;3.58
2020-11-16;43;63;0.0;0.0;0.0;4.03
2018-05-07;55;74;0.0;0.0;0.0;7.61
2020-11-17;35;62;0.0;0.0;0.0;5.82
2018-05-17;69;77;0.69;0.0;0.0;7.16
2020-11-19;28;57;0.0;0.0;0.0;2.01
2018-05-23;69;87;0.0;0.0;0.0;6.93
2020-12-03;26;58;0.0;0.0;0.0;3.58
2018-06-01;69;92;0.0;0.0;0.0;5.59
2020-12-08;27;48;0.0;0.0;0.0;4.25
2018-06-08;65;89;0.0;0.0;0.0;4.47
2020-12-15;29;45;0.0;0.0;0.0;6.49
2018-06-11;64;85;0.31;0.0;0.0;8.72
2020-12-20;35;46;0.47;0.0;0.0;2.68
2018-06-21;72;92;0.12;0.0;0.0;3.58
2020-12-23;27;57;0.0;0.0;0.0;3.58
2018-06-25;72;88;0.02;0.0;0.0;4.25
2020-12-31;41;55;0.41;0.0;0.0;3.36
2018-06-30;71;94;0.02;0.0;0.0;4.92
2021-01-05;29;48;0.0;0.0;0.0;1.34
2018-07-05;72;95;0.03;0.0;0.0;4.92
2021-01-06;34;51;0.0;0.0;0.0;2.46
2018-07-14;65;89;0.0;0.0;0.0;4.03
2021-01-17;27;50;0.0;0.0;0.0;6.93
2018-07-17;72;98;0.1;0.0;0.0;8.5
2021-01-24;23;46;0.0;0.0;0.0;3.8
2018-07-20;69;86;0.0;0.0;0.0;9.4
2021-01-26;41;48;0.37;0.0;0.0;4.47
2018-07-27;73;95;0.0;0.0;0.0;6.93
2021-01-30;20;44;0.0;0.0;0.0;2.01
2018-08-03;70;77;1.12;0.0;0.0;5.82
2021-02-01;33;43;0.0;0.0;0.0;5.82
2018-08-08;69;94;0.46;0.0;0.0;6.49
2021-02-03;31;50;0.0;0.0;0.0;8.05
2018-08-14;65;86;0.12;0.0;0.0;2.46
2021-02-07;29;49;0.66;0.0;0.0;4.25
2018-08-15;68;90;0.0;0.0;0.0;2.24
2021-02-08;25;53;0.0;0.0;0.0;4.03
2018-08-18;73;88;0.49;0.0;0.0;9.84
2021-02-18;32;40;0.78;0.0;0.0;9.17
2018-08-22;70;88;0.01;0.0;0.0;6.71
2021-02-20;28;45;0.0;0.0;0.0;4.47
2018-09-02;69;90;0.0;0.0;0.0;2.24
2021-02-25;41;67;0.0;0.0;0.0;6.04
2018-09-04;72;92;0.01;0.0;0.0;2.91
2021-02-26;41;50;0.58;0.0;0.0;9.17
2018-09-16;73;76;0.9;0.0;0.0;14.99
2021-03-04;34;67;0.0;0.0;0.0;4.7
2018-09-18;71;85;0.0;0.0;0.0;6.93
2021-03-10;40;76;0.0;0.0;0.0;5.82
2018-10-16;64;75;0.01;0.0;0.0;4.92
2021-03-15;45;56;0.0;0.0;0.0;7.61
2018-10-20;54;67;0.21;0.0;0.0;8.05
2021-03-22;43;69;0.0;0.0;0.0;10.51
2018-10-21;37;58;0.0;0.0;0.0;5.59
2021-03-24;55;68;0.07;0.0;0.0;4.7
2018-10-26;42;52;1.58;0.0;0.0;8.05
2021-03-26;64;79;0.14;0.0;0.0;12.08
2018-10-29;39;65;0.0;0.0;0.0;5.14
2021-04-06;49;83;0.0;0.0;0.0;3.36
2018-10-30;35;65;0.0;0.0;0.0;1.12
2021-04-07;50;86;0.0;0.0;0.0;2.24
2018-11-12;35;48;3.17;0.0;0.0;5.14
2021-04-23;31;67;0.0;0.0;0.0;3.8
2018-11-13;44;51;1.19;0.0;0.0;2.91
2021-04-25;47;70;0.02;0.0;0.0;5.59
2018-11-15;36;43;0.88;0.0;0.0;10.29
2021-04-30;63;79;0.0;0.0;0.0;10.51
2018-11-18;37;59;0.0;0.0;0.0;1.57
2021-05-02;51;84;0.0;0.0;0.0;10.96
2018-11-19;43;65;0.0;0.0;0.0;3.36
2021-05-10;60;81;0.37;0.0;0.0;10.07
2018-11-23;27;45;0.0;0.0;0.0;7.83
2021-05-11;52;70;0.0;0.0;0.0;4.7
2018-11-26;39;63;0.01;0.0;0.0;9.84
2021-05-12;41;57;0.09;0.0;0.0;6.04
2018-12-04;41;53;0.0;0.0;0.0;4.03
2021-05-13;37;71;0.0;0.0;0.0;4.03
2018-12-06;25;46;0.0;0.0;0.0;3.8
2021-05-14;41;73;0.0;0.0;0.0;3.13
2018-12-18;34;53;0.0;0.0;0.0;2.01
2021-05-15;40;76;0.0;0.0;0.0;2.01
2018-12-28;50;68;1.61;0.0;0.0;9.84
2021-05-24;64;93;0.31;0.0;0.0;3.8
2019-01-02;47;54;0.01;0.0;0.0;5.14
2021-05-30;52;63;0.01;0.0;0.0;7.16
2019-01-04;46;60;0.54;0.0;0.0;7.16
2021-06-06;68;90;0.0;0.0;0.0;6.71
2019-01-09;37;57;0.0;0.0;0.0;9.4
2021-06-08;71;88;0.0;0.0;0.0;10.96
2019-01-20;26;59;0.61;0.0;0.0;12.3
2021-06-14;67;90;0.0;0.0;0.0;5.37
2019-01-26;22;51;0.0;0.0;0.0;2.46
2021-06-25;63;80;0.04;0.0;0.0;4.47
2019-01-27;26;53;0.0;0.0;0.0;2.91
2021-06-27;70;89;0.0;0.0;0.0;4.92
2019-01-30;21;44;0.0;0.0;0.0;8.28
2021-07-06;68;90;0.0;0.0;0.0;7.61
2019-02-01;27;58;0.0;0.0;0.0;5.37
2021-07-10;70;92;0.0;0.0;0.0;2.91
2019-02-05;38;76;0.0;0.0;0.0;1.57
2021-07-14;69;90;0.02;0.0;0.0;6.26
2019-02-07;60;79;0.0;0.0;0.0;12.75
2021-07-15;71;91;0.0;0.0;0.0;6.93
2019-02-12;41;48;0.17;0.0;0.0;5.37
2021-07-18;71;87;0.17;0.0;0.0;7.83
2019-02-13;39;57;0.0;0.0;0.0;10.07
2021-07-19;67;76;0.52;0.0;0.0;3.8
2019-02-14;29;64;0.0;0.0;0.0;4.7
2021-07-25;70;89;0.0;0.0;0.0;9.62
2019-02-15;49;67;0.0;0.0;0.0;10.51
2021-07-28;71;95;0.0;0.0;0.0;4.7
2019-02-20;32;37;0.39;0.0;0.0;7.61
2021-08-09;69;93;0.0;0.0;0.0;5.59
2019-03-06;27;42;0.0;0.0;0.0;5.59
2021-08-13;76;100;0.0;0.0;0.0;8.72
2019-03-15;58;74;0.31;0.0;0.0;13.42
2021-08-14;71;95;0.55;0.0;0.0;6.49
2019-03-23;35;62;0.0;0.0;0.0;6.04
2021-08-15;70;88;0.15;0.0;0.0;1.79
2019-03-29;45;74;0.0;0.0;0.0;8.28
2021-08-26;73;93;0.0;0.0;0.0;5.14
2019-04-01;34;53;0.0;0.0;0.0;5.82
2021-10-04;65;88;0.47;0.0;0.0;6.26
2019-04-04;48;75;0.0;0.0;0.0;5.14
2021-10-07;66;77;0.0;0.0;0.0;8.95
2019-04-05;54;60;0.54;0.0;0.0;6.93
2021-10-12;59;71;0.0;0.0;0.0;2.68
2019-04-07;52;71;0.0;0.0;0.0;5.14
2021-10-13;57;82;0.0;0.0;0.0;1.34
2019-04-18;61;80;0.0;0.0;0.0;11.41
2021-10-14;60;84;0.0;0.0;0.0;2.01
2019-04-19;64;73;1.31;0.0;0.0;14.54
2021-10-16;56;85;0.17;0.0;0.0;8.05
2019-04-24;58;84;0.0;0.0;0.0;4.92
2021-10-18;42;71;0.0;0.0;0.0;3.58
2019-04-25;59;82;0.0;0.0;0.0;5.14
2021-10-22;54;78;0.01;0.0;0.0;5.82
2019-04-26;51;77;0.21;0.0;0.0;12.97
2021-10-31;49;72;0.0;0.0;0.0;6.04
2019-04-28;56;82;0.0;0.0;0.0;9.4
2021-11-04;39;48;0.07;0.0;0.0;4.7
2019-05-02;63;85;0.0;0.0;0.0;9.17
2021-11-06;38;54;0.0;0.0;0.0;12.08
2019-05-23;64;84;0.0;0.0;0.0;8.05
2021-11-13;40;66;0.0;0.0;0.0;6.49
2019-05-24;68;93;0.0;0.0;0.0;5.82
2021-11-24;24;53;0.0;0.0;0.0;1.57
2019-05-25;71;92;0.0;0.0;0.0;6.71
2021-11-26;35;54;0.14;0.0;0.0;6.26
2019-05-31;64;91;0.67;0.0;0.0;2.46
2021-12-02;45;71;0.0;0.0;0.0;8.28
2019-06-01;61;84;0.0;0.0;0.0;2.91
2021-12-12;30;58;0.0;0.0;0.0;4.03
2019-06-05;68;88;0.29;0.0;0.0;10.51
2021-12-13;27;60;0.0;0.0;0.0;2.01
2019-06-07;71;78;0.53;0.0;0.0;4.7
2021-12-22;37;58;0.0;0.0;0.0;4.7
2019-06-20;69;93;0.3;0.0;0.0;10.74
2021-12-30;64;67;0.1;0.0;0.0;6.26
2019-06-23;67;81;0.0;0.0;0.0;4.03
2021-12-31;61;74;0.0;0.0;0.0;4.9
2019-06-24;64;95;0.0;0.0;0.0;7.38
2022-01-04;26;44;0.0;0.0;0.0;3.4
2019-07-01;72;90;0.0;0.0;0.0;5.14
2022-01-10;34;53;0.0;0.0;0.0;5.1
2019-07-04;72;96;1.0;0.0;0.0;3.58
2022-02-02;25;60;0.0;0.0;0.0;3.1
2019-07-09;73;85;0.0;0.0;0.0;6.26
2022-02-03;48;70;0.02;0.0;0.0;9.6
2019-07-26;65;87;0.0;0.0;0.0;3.8
2022-02-04;47;67;0.3;0.0;0.0;15.2
2019-07-27;63;88;0.0;0.0;0.0;1.12
2022-02-07;32;37;0.53;0.0;0.0;5.6
2019-07-28;63;90;0.0;0.0;0.0;2.68
2022-02-11;36;70;0.0;0.0;0.0;8.3
2019-08-01;67;91;0.87;0.0;0.0;4.47
2022-02-12;44;73;0.0;0.0;0.0;8.3
2019-08-04;68;89;0.16;0.0;0.0;1.79
2022-02-13;32;54;0.0;0.0;0.0;6.7
2019-08-06;65;90;0.16;0.0;0.0;4.92
2022-02-17;53;75;0.0;0.0;0.0;13.2
2019-08-08;68;91;0.12;0.0;0.0;3.36
2022-02-18;38;71;0.16;0.0;0.0;11.2
2019-08-09;67;93;0.0;0.0;0.0;3.13
2022-03-02;42;76;0.0;0.0;0.0;5.1
2019-08-11;69;88;0.0;0.0;0.0;6.49
2022-03-08;49;63;0.39;0.0;0.0;5.8
2019-08-12;68;90;0.0;0.0;0.0;4.47
2022-03-12;28;60;1.01;0.0;0.0;10.3
2019-08-21;71;91;0.12;0.0;0.0;11.18
2022-03-21;34;71;0.0;0.0;0.0;4.3
2019-08-23;71;92;0.28;0.0;0.0;6.93
2022-03-25;52;70;0.0;0.0;0.0;8.1
2019-08-27;65;81;0.01;0.0;0.0;3.36
2022-03-29;30;55;0.0;0.0;0.0;3.8
2019-08-29;61;86;0.0;0.0;0.0;2.91
2022-03-31;65;73;0.72;0.0;0.0;16.1
2019-09-04;70;88;0.0;0.0;0.0;3.58
2022-04-13;63;84;0.0;0.0;0.0;12.3
2019-09-14;69;83;0.0;0.0;0.0;3.8
2022-04-16;51;76;0.0;0.0;0.0;6.5
2019-09-19;54;75;0.0;0.0;0.0;6.93
2022-04-20;34;66;0.0;0.0;0.0;2.9
2019-09-23;62;91;0.0;0.0;0.0;7.61
2022-04-24;59;84;0.0;0.0;0.0;8.1
2019-09-29;69;95;0.0;0.0;0.0;5.37
2022-05-01;50;83;0.82;0.0;0.0;6.3
2019-10-01;67;89;0.0;0.0;0.0;3.58
2022-05-02;64;84;0.0;0.0;0.0;6.7
2019-10-02;69;96;0.0;0.0;0.0;4.92
2022-05-04;67;88;0.0;0.0;0.0;8.7
2019-10-04;68;94;0.0;0.0;0.0;8.5
2022-05-05;62;76;0.0;0.0;0.0;8.5
2019-10-08;59;71;0.01;0.0;0.0;8.5
2022-05-06;62;85;0.97;0.0;0.0;7.8
2019-10-09;56;72;0.0;0.0;0.0;6.49
2022-05-09;44;71;0.0;0.0;0.0;7.2
2019-10-11;50;80;0.0;0.0;0.0;2.91
2022-05-10;48;75;0.0;0.0;0.0;9.4
2019-10-13;59;75;0.39;0.0;0.0;2.91
2022-05-13;63;78;0.0;0.0;0.0;6.9
2019-10-14;50;78;0.0;0.0;0.0;3.36
2022-05-15;61;86;0.0;0.0;0.0;5.4
2019-10-15;46;77;0.0;0.0;0.0;2.24
2022-05-17;53;84;0.0;0.0;0.0;4.5
2019-10-28;53;75;0.0;0.0;0.0;5.37
2022-05-18;55;87;0.0;0.0;0.0;6.3
2019-10-31;55;85;0.23;0.0;0.0;14.09
2022-05-20;66;96;0.0;0.0;0.0;10.5
2019-11-01;39;59;0.0;0.0;0.0;4.47
2022-05-24;61;80;0.0;0.0;0.0;8.3
2019-11-03;36;60;0.0;0.0;0.0;2.24
2022-05-31;68;92;0.0;0.0;0.0;4.0
2019-11-06;48;65;0.0;0.0;0.0;5.82
2019-11-11;41;70;0.0;0.0;0.0;8.5
2019-11-14;24;48;0.26;0.0;0.0;2.24
2019-11-17;40;53;0.0;0.0;0.0;10.96
2019-11-19;41;56;0.0;0.0;0.0;2.01
2019-11-24;38;61;0.31;0.0;0.0;7.61
2019-11-27;49;64;0.2;0.0;0.0;8.28
2019-12-01;46;66;0.46;0.0;0.0;7.16
2019-12-08;26;52;0.11;0.0;0.0;3.58
2019-12-14;43;55;0.09;0.0;0.0;6.71
2019-12-24;42;65;0.0;0.0;0.0;6.71
2020-01-06;30;60;0.0;0.0;0.0;3.13
2020-01-10;41;65;0.0;0.0;0.0;4.47
2020-01-14;59;69;0.34;0.0;0.0;5.37
2020-01-18;36;49;0.14;0.0;0.0;6.49
2020-02-07;35;61;0.26;0.0;0.0;15.88
2020-02-14;34;52;0.0;0.0;0.0;6.26
2020-02-15;26;45;0.0;0.0;0.0;5.59
2020-02-18;38;61;0.07;0.0;0.0;4.92
2020-02-19;37;57;0.16;0.0;0.0;5.59
2020-02-23;30;63;0.0;0.0;0.0;5.59
2020-03-02;41;69;0.0;0.0;0.0;12.75
2020-03-03;53;63;0.21;0.0;0.0;10.74
2020-03-05;45;56;0.05;0.0;0.0;4.92
2020-03-10;57;70;0.01;0.0;0.0;12.08
2020-03-11;54;76;0.0;0.0;0.0;4.7
2020-03-15;48;60;0.0;0.0;0.0;9.62
2020-03-20;66;86;0.0;0.0;0.0;13.87
2020-03-29;69;88;0.0;0.0;0.0;12.97
2020-04-04;39;71;0.0;0.0;0.0;3.8
2020-04-12;47;76;0.01;0.0;0.0;10.96
2020-04-16;34;67;0.0;0.0;0.0;3.8
2020-04-21;48;77;0.0;0.0;0.0;9.62
2020-04-28;42;77;0.0;0.0;0.0;4.92
2020-05-01;53;66;0.02;0.0;0.0;7.16
2020-05-02;43;75;0.0;0.0;0.0;3.8
2020-05-04;57;80;0.0;0.0;0.0;6.04
2020-05-19;54;64;0.79;0.0;0.0;12.53
2020-05-29;69;81;0.78;0.0;0.0;6.71
2020-06-08;71;88;0.0;0.0;0.0;5.82
2020-06-11;71;88;0.11;0.0;0.0;9.62
2020-06-20;64;84;0.0;0.0;0.0;3.13
2020-06-23;72;89;0.0;0.0;0.0;12.08
2020-06-25;71;86;0.0;0.0;0.0;7.16
2020-07-05;70;92;0.4;0.0;0.0;4.25
2020-07-07;71;87;0.0;0.0;0.0;5.14
2020-07-18;72;94;0.0;0.0;0.0;4.47
2020-07-20;76;97;0.0;0.0;0.0;7.61
2020-07-21;74;97;0.0;0.0;0.0;9.17
2020-07-26;73;95;0.0;0.0;0.0;7.61
2020-07-31;77;92;0.0;0.0;0.0;8.95
2020-08-02;75;94;0.0;0.0;0.0;11.41
2020-08-09;70;92;0.02;0.0;0.0;3.36
2020-08-11;71;90;0.0;0.0;0.0;4.7
2020-08-18;65;87;0.0;0.0;0.0;1.79
2020-08-25;73;91;0.0;0.0;0.0;7.61
2020-08-28;76;92;0.0;0.0;0.0;9.62
2020-08-30;69;88;0.0;0.0;0.0;2.68
2020-08-31;74;90;2.3;0.0;0.0;8.28
2020-09-07;57;83;0.0;0.0;0.0;2.91
2020-09-16;56;79;0.0;0.0;0.0;6.71
2020-09-17;68;73;2.08;0.0;0.0;8.28
2020-09-21;48;68;0.0;0.0;0.0;7.16
2020-09-27;58;79;0.0;0.0;0.0;2.01
2020-10-01;53;81;0.0;0.0;0.0;3.8
2020-10-02;49;71;0.0;0.0;0.0;5.37
2020-10-05;47;74;0.0;0.0;0.0;2.91
2020-10-06;48;78;0.0;0.0;0.0;2.46
2020-10-11;64;68;0.79;0.0;0.0;8.28
2020-10-12;64;73;0.0;0.0;0.0;2.91
2020-10-14;51;76;0.0;0.0;0.0;2.24
2020-10-16;55;70;0.79;0.0;0.0;7.83
2020-10-18;40;70;0.0;0.0;0.0;2.24
2020-10-22;59;81;0.0;0.0;0.0;2.68
2020-10-26;50;73;0.02;0.0;0.0;2.68
2020-10-27;53;77;0.0;0.0;0.0;2.01
2020-10-29;68;82;0.01;0.0;0.0;17.0
2020-11-06;50;75;0.0;0.0;0.0;2.01
2020-11-07;54;77;0.0;0.0;0.0;2.01
2020-11-13;51;67;0.0;0.0;0.0;3.58
2020-11-21;41;73;0.0;0.0;0.0;0.89
2020-11-24;32;55;0.0;0.0;0.0;1.34
2020-12-01;32;47;0.0;0.0;0.0;8.95
2020-12-04;39;65;0.31;0.0;0.0;8.95
2020-12-05;37;57;0.08;0.0;0.0;7.61
2020-12-07;35;44;0.35;0.0;0.0;4.92
2020-12-14;37;59;1.12;0.0;0.0;5.82
2020-12-16;35;39;0.94;0.0;0.0;7.38
2020-12-17;35;52;0.0;0.0;0.0;3.8
2020-12-18;29;48;0.0;0.0;0.0;2.91
2020-12-19;26;49;0.0;0.0;0.0;2.91
2020-12-26;20;41;0.0;0.0;0.0;4.92
2021-01-03;44;55;0.93;0.0;0.0;3.13
2021-01-11;27;48;0.05;0.0;0.0;1.57
2021-01-14;37;55;0.0;0.0;0.0;4.7
2021-01-18;30;50;0.0;0.0;0.0;5.37
2021-01-21;31;54;0.01;0.0;0.0;3.58
2021-01-22;36;60;0.0;0.0;0.0;3.58
2021-01-28;29;40;0.36;1.6;2.0;8.72
2021-01-29;25;39;0.0;0.0;0.0;4.03
2021-02-09;38;65;0.0;0.0;0.0;2.01
2021-02-10;40;50;0.0;0.0;0.0;6.71
2021-02-16;34;60;0.01;0.0;0.0;9.4
2021-02-24;34;72;0.0;0.0;0.0;7.38
2021-03-03;34;63;0.0;0.0;0.0;1.34
2021-03-11;47;76;0.0;0.0;0.0;11.41
2021-03-13;53;69;0.0;0.0;0.0;2.46
2021-03-19;37;57;0.1;0.0;0.0;11.18
2021-04-01;37;61;0.0;0.0;0.0;8.95
2021-04-05;42;76;0.0;0.0;0.0;2.91
2021-04-08;53;83;0.0;0.0;0.0;5.37
2021-04-11;59;79;0.2;0.0;0.0;9.84
2021-04-15;52;69;0.0;0.0;0.0;5.14
2021-04-24;44;61;0.27;0.0;0.0;6.26
2021-04-27;51;84;0.0;0.0;0.0;10.96
2021-04-28;61;85;0.0;0.0;0.0;11.41
2021-05-06;49;68;0.0;0.0;0.0;4.25
2021-05-09;49;83;0.0;0.0;0.0;13.87
2021-05-19;51;84;0.0;0.0;0.0;2.01
2021-05-22;52;89;0.0;0.0;0.0;3.13
2021-05-26;70;94;0.0;0.0;0.0;6.04
2021-05-28;68;92;0.02;0.0;0.0;9.17
2021-06-01;53;83;0.0;0.0;0.0;3.8
2021-06-02;60;81;1.82;0.0;0.0;5.14
2021-06-05;67;89;0.0;0.0;0.0;2.68
2021-06-10;71;86;1.0;0.0;0.0;5.82
2021-06-11;72;89;0.11;0.0;0.0;6.49
2021-06-20;71;82;1.45;0.0;0.0;6.49
2021-06-22;64;79;1.03;0.0;0.0;8.5
2021-07-01;72;91;0.18;0.0;0.0;13.65
2021-07-02;66;79;1.08;0.0;0.0;5.59
2021-07-07;70;91;0.0;0.0;0.0;8.72
2021-07-11;73;91;0.0;0.0;0.0;6.71
2021-07-17;73;92;0.0;0.0;0.0;9.62
2021-07-31;73;91;0.0;0.0;0.0;5.82
2021-08-05;62;86;0.0;0.0;0.0;4.47
2021-08-07;67;78;0.32;0.0;0.0;2.24
2021-08-21;72;88;0.0;0.0;0.0;2.91
2021-08-22;70;92;0.35;0.0;0.0;2.68
2021-09-06;66;84;0.0;0.0;0.0;5.14
2021-09-21;67;80;0.31;0.0;0.0;7.61
2021-09-24;51;76;0.0;0.0;0.0;3.36
2021-09-27;51;84;0.0;0.0;0.0;3.58
2021-10-02;58;85;0.0;0.0;0.0;5.59
2021-10-06;67;83;0.0;0.0;0.0;6.26
2021-10-08;67;75;0.02;0.0;0.0;6.26
2021-10-19;42;75;0.0;0.0;0.0;2.24
2021-10-21;48;79;0.0;0.0;0.0;8.28
2021-10-30;49;61;0.0;0.0;0.0;7.16
2021-11-08;34;71;0.0;0.0;0.0;2.68
2021-11-09;38;77;0.0;0.0;0.0;2.91
2021-11-14;29;58;0.0;0.0;0.0;3.13
2021-11-16;30;67;0.0;0.0;0.0;3.36
2021-11-18;52;76;0.0;0.0;;9.84
2021-11-20;26;54;0.0;0.0;0.0;2.68
2021-11-25;29;63;0.0;0.0;0.0;6.49
2021-11-27;28;54;0.0;0.0;0.0;3.58
2021-12-03;44;74;0.0;0.0;0.0;3.8
2021-12-05;42;62;0.0;0.0;0.0;5.37
2021-12-09;27;45;0.0;0.0;0.0;3.36
2021-12-16;36;69;0.0;0.0;0.0;5.82
2021-12-19;34;65;0.67;0.0;0.0;7.83
2021-12-24;35;63;0.0;0.0;0.0;11.63
2021-12-27;45;66;0.0;0.0;0.0;3.13
2021-12-29;61;73;0.02;0.0;0.0;11.86
2022-01-01;64;79;0.43;0.0;0.0;14.3
2022-01-09;37;66;0.62;0.0;0.0;9.2
2022-01-21;22;30;0.15;1.5;2.0;10.7
2022-01-22;19;35;0.06;0.79;2.0;3.8
2022-01-27;20;43;0.0;0.0;0.0;2.7
2022-02-09;28;60;0.0;0.0;0.0;3.6
2022-02-19;28;60;0.0;0.0;0.0;5.6
2022-02-21;32;71;0.0;0.0;0.0;3.6
2022-02-28;32;60;0.0;0.0;0.0;4.5
2022-03-01;32;68;0.0;0.0;0.0;4.0
2022-03-03;46;84;0.0;0.0;0.0;7.4
2022-03-07;63;82;0.11;0.0;0.0;18.3
2022-03-11;45;61;0.06;0.0;0.0;3.4
2022-03-19;61;79;0.0;0.0;0.0;16.1
2022-03-17;55;70;0.55;0.0;0.0;5.1
2022-03-26;44;62;0.0;0.0;0.0;8.1
2022-03-30;40;75;0.0;0.0;0.0;8.1
2022-04-04;38;68;0.0;0.0;0.0;6.3
2022-04-05;52;76;0.36;0.0;0.0;8.5
2022-04-18;41;56;1.39;0.0;0.0;
2022-04-21;43;75;0.0;0.0;0.0;4.9
2022-04-22;53;83;0.0;0.0;0.0;4.5
2022-04-26;60;88;0.06;0.0;0.0;8.7
2022-04-27;50;72;0.0;0.0;0.0;5.4
2022-05-07;53;75;0.02;0.0;0.0;8.7
2022-05-21;69;93;0.29;0.0;0.0;7.6
2022-05-22;69;90;0.0;0.0;0.0;8.9
2017-01-02;47;51;1.08;0.0;0.0;5.59
2017-01-05;29;44;0.0;0.0;0.0;2.01
2017-01-06;32;43;0.25;0.0;0.0;6.04
2017-01-14;42;55;0.0;0.0;0.0;6.71
2017-01-22;53;56;0.09;0.0;0.0;5.82
2017-02-02;37;61;0.0;0.0;0.0;2.24
2017-02-03;34;49;0.06;0.0;0.0;4.7
2017-02-04;26;45;0.0;0.0;0.0;4.7
2017-02-05;27;60;0.01;0.0;0.0;4.92
2017-02-11;41;73;0.0;0.0;0.0;12.3
2017-02-14;30;64;0.0;0.0;0.0;4.7
2017-02-22;51;70;0.0;0.0;0.0;3.8
2017-02-27;35;66;0.0;0.0;0.0;5.37
2017-03-01;59;79;0.97;0.0;0.0;17.22
2017-03-05;30;53;0.0;0.0;0.0;6.26
2017-03-12;30;48;0.03;0.3;0.0;4.92
2017-03-16;24;50;0.0;0.0;0.0;6.04
2017-03-18;44;64;0.5;0.0;0.0;7.83
2017-03-24;37;71;0.0;0.0;0.0;9.62
2017-03-25;52;76;0.0;0.0;0.0;10.74
2017-03-29;55;73;0.0;0.0;0.0;4.92
2017-04-04;63;82;0.0;0.0;0.0;12.97
2017-04-10;49;78;0.0;0.0;0.0;9.62
2017-04-13;54;80;0.0;0.0;0.0;8.05
2017-04-14;53;81;0.0;0.0;0.0;4.47
2017-04-24;53;60;4.51;0.0;0.0;10.96
2017-05-02;60;77;0.0;0.0;0.0;11.41
2017-05-07;45;69;0.0;0.0;0.0;5.82
2017-05-08;43;71;0.0;0.0;0.0;4.7
2017-05-10;57;83;0.45;0.0;0.0;3.8
2017-05-15;60;85;0.0;0.0;0.0;4.7
2017-05-24;65;74;0.29;0.0;0.0;5.82
2017-05-25;60;76;0.82;0.0;0.0;11.41
2017-05-28;67;86;0.08;0.0;0.0;6.71
2017-06-10;61;89;0.0;0.0;0.0;6.04
2017-06-20;67;82;0.72;0.0;0.0;4.47
2017-06-21;66;85;0.2;0.0;0.0;6.71
2017-06-30;69;87;0.05;0.0;0.0;7.83
2017-07-06;68;93;0.0;0.0;0.0;5.82
2017-07-08;71;95;0.05;0.0;0.0;6.49
2017-07-10;70;90;0.0;0.0;0.0;4.47
2017-07-12;75;94;0.0;0.0;0.0;8.72
2017-07-17;71;90;0.02;0.0;0.0;4.47
2017-07-25;74;91;0.0;0.0;0.0;4.7
2017-07-26;72;90;0.0;0.0;0.0;5.82
2017-07-29;70;82;0.01;0.0;0.0;8.5
2017-08-01;60;88;0.0;0.0;0.0;2.91
2017-08-06;65;90;0.0;0.0;0.0;7.61
2017-08-09;67;84;0.0;0.0;0.0;6.71
2017-08-11;73;89;1.2;0.0;0.0;4.25
2017-08-14;73;88;0.21;0.0;0.0;3.8
2017-08-15;76;91;0.07;0.0;0.0;2.91
2017-08-23;74;95;0.21;0.0;0.0;5.82
2017-08-24;71;84;0.0;0.0;0.0;6.04
2017-08-26;68;83;0.0;0.0;0.0;8.05
2017-08-28;62;78;0.03;0.0;0.0;11.41
2017-09-02;61;83;0.0;0.0;0.0;6.26
2017-09-08;51;77;0.0;0.0;0.0;2.68
2017-09-09;53;76;0.0;0.0;0.0;7.38
2017-09-18;65;83;0.0;0.0;0.0;6.71
2017-09-20;62;91;0.0;0.0;0.0;3.58
2017-10-03;50;77;0.0;0.0;0.0;6.26
2017-10-15;62;83;0.0;0.0;0.0;9.84
2017-10-24;52;72;0.0;0.0;0.0;6.49
2017-10-25;42;66;0.0;0.0;0.0;3.8
2017-10-28;47;74;0.76;0.0;0.0;4.92
2017-11-02;55;78;0.0;0.0;0.0;2.01
2017-11-04;56;64;0.0;0.0;0.0;8.28
2017-11-06;53;76;0.0;0.0;0.0;4.7
2017-11-10;35;58;0.0;0.0;0.0;6.71
2017-11-13;42;60;0.64;0.0;0.0;4.25
2017-11-14;43;52;0.0;0.0;0.0;8.72
2017-11-22;42;62;0.03;0.0;0.0;4.7
2017-11-29;40;70;0.0;0.0;0.0;2.46
2017-11-30;35;69;0.0;0.0;0.0;1.12
2017-12-07;40;49;0.0;0.0;0.0;2.46
2017-12-15;31;43;0.0;0.0;0.0;5.14
2017-12-22;36;61;0.0;0.0;0.0;3.58
2017-12-23;48;71;0.0;0.0;0.0;12.08
2018-01-02;12;32;0.0;0.0;0.0;2.91
2018-01-04;18;30;0.0;0.0;1.2;9.62
2018-01-06;12;27;0.0;0.0;0.0;4.03
2018-01-09;29;63;0.0;0.0;0.0;2.68
2018-01-10;43;61;0.0;0.0;0.0;4.92
2018-01-21;31;68;0.0;0.0;0.0;1.12
2018-01-30;25;40;0.04;0.0;0.0;6.93
2018-01-31;19;47;0.0;0.0;0.0;5.82
2018-02-03;18;42;0.0;0.0;0.0;5.14
2018-02-08;33;50;0.0;0.0;0.0;3.36
2018-02-09;28;58;0.0;0.0;0.0;4.03
2018-02-12;42;65;0.08;0.0;0.0;9.84
2018-02-22;61;78;0.0;0.0;0.0;9.84
2018-02-25;60;73;0.0;0.0;0.0;11.18
2018-02-28;39;57;0.07;0.0;0.0;4.92
2018-03-14;31;44;0.0;0.0;0.0;7.61
2018-03-24;27;50;0.91;0.2;0.0;3.58
2018-03-25;33;54;0.3;0.0;0.0;9.84
2018-03-30;51;71;0.03;0.0;0.0;13.2
2018-03-31;40;64;0.0;0.0;0.0;5.82
2018-04-12;44;75;0.0;0.0;0.0;13.87
2018-04-16;41;64;0.0;0.0;0.0;14.76
2018-04-23;52;66;0.01;0.0;0.0;11.18
2018-04-25;51;68;0.0;0.0;0.0;3.8
2018-04-28;50;78;0.0;0.0;0.0;5.82
2018-05-05;63;82;0.0;0.0;0.0;7.83
2018-05-08;53;77;0.0;0.0;0.0;7.83
2018-05-11;59;89;0.0;0.0;0.0;4.03
2018-05-20;69;86;0.0;0.0;0.0;8.05
2018-05-21;68;86;0.72;0.0;0.0;4.7
2018-05-27;69;87;0.0;0.0;0.0;9.4
2018-05-28;69;76;0.28;0.0;0.0;6.26
2018-05-29;69;82;0.62;0.0;0.0;4.47
2018-05-30;73;85;0.49;0.0;0.0;5.59
2018-06-02;68;87;0.08;0.0;0.0;4.7
2018-06-03;69;88;0.0;0.0;0.0;4.92
2018-06-05;57;82;0.0;0.0;0.0;3.13
2018-06-06;61;85;0.23;0.0;0.0;5.14
2018-06-13;67;85;0.0;0.0;0.0;6.04
2018-06-28;68;90;0.0;0.0;0.0;4.92
2018-07-02;75;95;0.0;0.0;0.0;3.13
2018-07-04;72;93;0.0;0.0;0.0;5.37
2018-07-13;68;88;0.0;0.0;0.0;7.61
2018-07-22;68;89;1.11;0.0;0.0;5.59
2018-07-24;71;86;0.0;0.0;0.0;7.38
2018-07-26;68;92;0.0;0.0;0.0;4.92
2018-08-04;71;89;0.0;0.0;0.0;3.8
2018-08-16;68;92;0.0;0.0;0.0;2.91
2018-08-19;68;88;1.83;0.0;0.0;6.71
2018-08-24;55;82;0.0;0.0;0.0;4.7
2018-09-03;69;91;0.0;0.0;0.0;1.12
2018-09-05;71;91;0.0;0.0;0.0;4.03
2018-09-06;71;92;0.0;0.0;0.0;2.91
2018-09-07;71;92;0.03;0.0;0.0;2.68
2018-09-08;71;91;0.0;0.0;0.0;3.13
2018-09-09;67;80;0.15;0.0;0.0;5.37
2018-09-11;68;88;0.0;0.0;0.0;2.91
2018-09-15;73;77;1.85;0.0;0.0;15.88
2018-09-19;65;88;0.0;0.0;0.0;1.79
2018-09-22;67;88;0.0;0.0;0.0;4.47
2018-09-25;69;85;0.0;0.0;0.0;3.36
2018-09-30;62;81;0.0;0.0;0.0;4.03
2018-10-09;67;80;0.07;0.0;0.0;6.49
2018-10-14;49;65;0.0;0.0;0.0;3.58
2018-10-22;34;62;0.0;0.0;0.0;3.8
2018-10-23;42;66;0.0;0.0;0.0;4.7
2018-11-08;51;65;0.0;0.0;0.0;7.16
2018-11-09;50;53;0.07;0.0;0.0;5.37
2018-11-16;34;54;0.0;0.0;0.0;5.59
2018-11-20;38;64;0.0;0.0;0.0;5.82
2018-11-22;33;50;0.0;0.0;0.0;5.59
2018-11-28;25;42;0.0;0.0;0.0;6.71
2018-12-03;47;68;0.0;0.0;0.0;5.59
2018-12-08;31;43;0.0;0.0;0.0;4.7
2018-12-11;27;44;0.0;0.0;2.0;3.8
2018-12-12;24;45;0.0;0.0;1.2;1.34
2018-12-13;29;51;0.0;0.0;0.0;2.24
2018-12-23;28;57;0.01;0.0;0.0;5.14
2018-12-29;45;65;0.0;0.0;0.0;3.36
2019-01-05;44;61;0.01;0.0;0.0;9.62
2019-01-12;30;39;0.07;0.0;0.0;5.59
2019-01-14;31;41;0.0;0.0;0.0;3.58
2019-01-21;17;31;0.0;0.0;0.0;5.82
2019-01-22;17;39;0.0;0.0;0.0;3.8
2019-02-02;29;60;0.0;0.0;0.0;3.8
2019-02-09;33;46;0.0;0.0;0.0;6.04
2019-02-17;34;40;0.24;0.0;0.0;4.47
2019-02-25;37;59;0.0;0.0;0.0;7.83
2019-02-26;30;63;0.0;0.0;0.0;3.8
2019-03-01;39;47;0.65;0.0;0.0;7.38
2019-03-03;42;50;0.81;0.0;0.0;6.93
2019-03-09;41;48;0.01;0.0;0.0;5.82
2019-03-11;44;66;0.0;0.0;0.0;2.91
2019-03-18;32;60;0.0;0.0;0.0;4.47
2019-03-24;32;71;0.0;0.0;0.0;7.61
2019-04-06;53;67;0.0;0.0;0.0;3.8
2019-04-16;38;69;0.0;0.0;0.0;5.82
2019-04-21;44;64;0.0;0.0;0.0;3.13
2019-05-06;60;77;0.0;0.0;0.0;5.82
2019-05-13;57;74;1.32;0.0;0.0;3.58
2019-05-15;43;72;0.0;0.0;0.0;3.58
2019-05-26;72;94;0.05;0.0;0.0;5.82
2019-05-30;65;96;0.0;0.0;0.0;6.93
2019-06-02;62;88;0.0;0.0;0.0;5.59
2019-06-08;71;79;0.32;0.0;0.0;9.4
2019-06-16;66;89;0.0;0.0;0.0;11.41
2019-06-17;72;93;0.0;0.0;0.0;9.84
2019-06-19;71;88;0.02;0.0;0.0;7.61
2019-06-21;65;85;0.0;0.0;0.0;7.61
2019-07-02;68;95;0.0;0.0;0.0;3.36
2019-07-05;70;91;0.31;0.0;0.0;4.7
2019-07-08;74;92;0.17;0.0;0.0;4.7
2019-07-10;72;91;0.0;0.0;0.0;5.82
2019-07-22;74;97;0.06;0.0;0.0;12.08
2019-07-23;64;82;1.16;0.0;0.0;5.14
2019-07-29;66;93;0.0;0.0;0.0;4.92
2019-08-03;70;86;0.0;0.0;0.0;3.36
2019-08-07;72;91;0.14;0.0;0.0;6.49
2019-08-14;73;93;0.12;0.0;0.0;6.71
2019-08-20;71;93;0.0;0.0;0.0;7.61
2019-08-24;64;72;0.32;0.0;0.0;6.49
2019-08-25;63;76;0.04;0.0;0.0;6.49
2019-09-02;70;90;0.0;0.0;0.0;3.8
2019-09-06;69;87;0.1;0.0;0.0;7.61
2019-09-09;71;86;0.0;0.0;0.0;2.91
2019-09-16;69;90;0.0;0.0;0.0;3.8
2019-09-20;50;79;0.0;0.0;0.0;3.36
2019-09-26;70;94;0.0;0.0;0.0;6.04
2019-10-16;52;66;0.47;0.0;0.0;5.59
2019-10-19;39;67;0.03;0.0;0.0;3.13
2019-10-20;56;65;1.57;0.0;0.0;8.05
2019-10-29;55;71;0.0;0.0;0.0;3.58
2019-11-07;41;70;0.08;0.0;0.0;4.92
2019-11-15;39;47;0.07;0.0;0.0;6.71
2019-11-18;41;47;0.24;0.0;0.0;4.7
2019-11-20;38;61;0.0;0.0;0.0;2.91
2019-11-22;49;66;0.0;0.0;0.0;8.05
2019-11-25;32;62;0.0;0.0;0.0;2.24
2019-11-26;34;65;0.0;0.0;0.0;2.91
2019-12-07;34;52;0.0;0.0;0.0;6.04
2019-12-15;35;61;0.0;0.0;0.0;4.7
2019-12-20;25;56;0.0;0.0;0.0;3.36
2019-12-25;32;58;0.0;0.0;0.0;2.46
2019-12-29;57;73;0.09;0.0;0.0;8.72
2019-12-30;49;76;0.0;0.0;0.0;14.76
2020-01-02;35;58;0.1;0.0;0.0;7.16
2020-01-07;30;52;0.07;0.0;0.0;5.14
2020-01-08;29;59;0.0;0.0;0.0;6.04
2020-01-15;57;70;0.0;0.0;0.0;4.47
2020-01-17;36;47;0.0;0.0;0.0;6.93
2020-01-21;24;38;0.0;0.0;0.0;8.05
2020-01-22;24;46;0.0;0.0;0.0;6.26
2020-02-01;36;45;0.04;0.0;0.0;4.25
2020-02-05;60;64;0.2;0.0;0.0;8.95
2020-02-06;60;70;2.35;0.0;0.0;9.4
2020-02-10;36;64;0.0;0.0;0.0;8.05
2020-02-12;51;64;0.0;0.0;0.0;6.71
2020-02-25;48;65;0.16;0.0;0.0;7.38
2020-03-12;51;73;0.0;0.0;0.0;4.92
2020-03-18;46;68;0.0;0.0;0.0;5.82
2020-03-19;59;81;0.01;0.0;0.0;10.07
2020-03-23;44;50;0.32;0.0;0.0;5.82
2020-03-24;50;55;0.27;0.0;0.0;5.37
2020-03-31;46;62;0.23;0.0;0.0;9.62
2020-04-05;47;73;0.0;0.0;0.0;4.47
2020-04-08;58;83;0.43;0.0;0.0;6.71
2020-04-13;61;81;0.39;0.0;0.0;15.43
2020-04-15;40;57;0.14;0.0;0.0;7.61
2020-04-22;41;71;0.0;0.0;0.0;4.92
2020-04-25;55;61;0.01;0.0;0.0;8.28
2020-05-07;40;67;0.0;0.0;0.0;5.59
2020-05-08;44;70;0.05;0.0;0.0;11.41
2020-05-10;36;70;0.0;0.0;0.0;8.28
2020-05-13;42;70;0.0;0.0;0.0;1.57
2020-05-14;58;81;0.0;0.0;0.0;8.05
2020-05-15;60;83;0.0;0.0;0.0;10.51
2020-05-16;60;89;0.0;0.0;0.0;6.93
2020-05-18;64;70;0.07;0.0;0.0;8.28
2020-05-22;62;82;0.05;0.0;0.0;6.26
2020-05-25;62;76;0.0;0.0;0.0;5.59
2020-06-01;54;77;0.0;0.0;0.0;4.47
2020-06-09;73;90;0.0;0.0;0.0;6.04
2020-06-17;61;76;0.1;0.0;0.0;4.03
2020-06-18;59;80;0.0;0.0;0.0;5.14
2020-06-28;70;91;0.06;0.0;0.0;6.04
2020-06-30;70;92;0.21;0.0;0.0;3.8
2020-07-01;69;90;0.0;0.0;0.0;3.58
2020-07-06;68;92;0.0;0.0;0.0;5.37
2020-07-08;74;89;0.0;0.0;0.0;7.38
2020-07-09;73;90;0.0;0.0;0.0;7.38
2020-07-11;70;92;0.02;0.0;0.0;5.14
2020-07-14;68;95;0.0;0.0;0.0;2.91
2020-07-16;74;94;0.0;0.0;0.0;5.59
2020-07-28;73;97;1.03;0.0;0.0;5.82
2020-08-03;71;84;1.01;0.0;0.0;5.59
2020-08-04;69;88;1.64;0.0;0.0;8.28
2020-08-10;71;89;0.0;0.0;0.0;4.25
2020-08-15;71;87;1.38;0.0;0.0;3.8
2020-08-19;66;87;1.07;0.0;0.0;3.58
2020-08-21;71;84;0.0;0.0;0.0;4.25
2020-09-02;72;92;0.0;0.0;0.0;4.47
2020-09-03;76;93;0.0;0.0;0.0;8.05
2020-09-04;73;92;0.0;0.0;0.0;2.91
2020-09-18;64;75;0.1;0.0;0.0;9.62
2020-09-26;59;73;0.0;0.0;0.0;2.46
2020-11-01;48;63;0.38;0.0;0.0;6.71
2020-11-02;35;54;0.0;0.0;0.0;7.38
2020-11-05;40;74;0.0;0.0;0.0;0.89
2020-11-11;68;78;0.23;0.0;0.0;8.72
2020-11-20;31;69;0.0;0.0;0.0;4.03
2020-11-26;55;68;0.02;0.0;0.0;6.49
2020-11-30;46;69;1.17;0.0;0.0;13.42
2020-12-06;28;55;0.0;0.0;0.0;2.24
2020-12-10;31;61;0.0;0.0;0.0;2.91
2020-12-13;50;69;0.07;0.0;0.0;3.8
2020-12-24;49;65;1.76;0.0;0.0;10.51
2021-01-09;28;50;0.0;0.0;0.0;2.91
2021-01-10;25;53;0.0;0.0;0.0;0.67
2021-01-16;33;46;0.0;0.0;0.0;7.61
2021-01-27;40;53;0.33;0.0;0.0;5.37
2021-01-31;33;38;1.07;0.0;0.0;5.82
2021-02-06;27;55;0.31;0.0;0.0;2.01
2021-02-11;37;49;0.83;0.0;0.0;6.26
2021-02-14;33;37;0.41;0.0;0.0;8.05
2021-02-17;28;47;0.0;0.0;0.0;7.61
2021-02-22;33;59;0.41;0.0;0.0;7.16
2021-02-27;40;58;0.15;0.0;0.0;4.7
2021-02-28;48;77;0.0;0.0;0.0;4.03
2021-03-01;48;68;0.15;0.0;0.0;10.07
2021-03-07;29;52;0.0;0.0;0.0;4.03
2021-03-12;54;80;0.0;0.0;0.0;8.72
2021-03-14;43;72;0.0;0.0;0.0;4.03
2021-03-18;49;73;0.02;0.0;0.0;5.59
2021-03-20;31;57;0.0;0.0;0.0;10.51
2021-03-23;50;62;0.0;0.0;0.0;7.16
2021-03-25;52;75;0.02;0.0;0.0;5.82
2021-03-28;57;76;0.25;0.0;0.0;13.87
2021-04-02;32;49;0.0;0.0;0.0;5.82
2021-04-09;60;83;0.07;0.0;0.0;5.82
2021-04-14;55;82;0.13;0.0;0.0;7.16
2021-04-18;48;71;0.0;0.0;0.0;2.46
2021-04-20;42;75;0.0;0.0;0.0;7.38
2021-04-26;42;77;0.0;0.0;0.0;2.68
2021-05-04;64;87;0.2;0.0;0.0;9.4
2021-05-08;42;74;0.0;0.0;0.0;4.92
2021-05-17;56;76;0.05;0.0;0.0;3.13
2021-05-20;53;88;0.0;0.0;0.0;3.13
2021-05-21;57;83;0.0;0.0;0.0;6.71
2021-05-23;64;92;0.0;0.0;0.0;2.91
2021-06-03;68;79;2.04;0.0;0.0;6.26
2021-06-09;71;89;0.0;0.0;0.0;7.83
2021-06-13;66;85;0.0;0.0;0.0;4.92
2021-07-05;65;90;0.0;0.0;0.0;2.91
2021-07-08;71;79;2.52;0.0;0.0;8.05
2021-07-20;66;84;0.0;0.0;0.0;2.01
2021-07-24;68;87;0.0;0.0;0.0;6.71
2021-07-26;73;92;0.02;0.0;0.0;7.16
2021-08-01;75;91;0.0;0.0;0.0;4.03
2021-08-08;65;91;0.0;0.0;0.0;2.68
2021-08-16;71;90;0.39;0.0;0.0;3.58
2021-08-20;73;87;0.36;0.0;0.0;2.91
2021-08-24;72;94;0.0;0.0;0.0;2.46
2021-08-27;72;93;0.0;0.0;0.0;4.7
2021-08-30;72;96;0.0;0.0;0.0;4.92
2021-08-31;72;94;0.0;0.0;0.0;6.93
2021-09-10;57;80;0.0;0.0;0.0;3.13
2021-09-11;56;83;0.0;0.0;0.0;3.58
2021-09-13;64;90;0.0;0.0;0.0;4.03
2021-09-15;72;89;0.0;0.0;0.0;6.71
2021-09-16;70;85;0.0;0.0;0.0;4.03
2021-09-17;72;83;0.01;0.0;0.0;5.59
2021-09-25;49;78;0.0;0.0;0.0;2.01
2021-09-30;60;82;0.0;0.0;0.0;3.8
2021-10-01;58;82;0.0;0.0;0.0;2.68
2021-10-03;62;87;0.0;0.0;0.0;8.72
2021-10-09;63;68;4.96;0.0;0.0;6.71
2021-10-11;64;72;0.0;0.0;0.0;6.49
2021-10-26;47;70;0.0;0.0;0.0;6.93
2021-11-03;44;56;0.0;0.0;0.0;6.04
2021-11-07;40;60;0.0;0.0;0.0;7.83
2021-11-30;26;59;0.0;0.0;0.0;6.93
2021-12-07;41;56;0.0;0.0;0.0;6.49
2021-12-08;32;48;0.14;0.0;0.0;2.01
2021-12-21;30;41;0.27;0.0;0.0;4.03
2021-12-25;49;72;0.0;0.0;0.0;13.2
2021-12-26;47;73;0.0;0.0;0.0;3.13
2022-01-05;30;59;0.0;0.0;0.0;4.9
2022-01-07;27;52;0.0;0.0;0.0;8.1
2022-01-15;28;40;0.0;0.0;0.0;5.8
2022-01-19;28;60;0.0;0.0;0.0;7.8
2022-01-23;17;47;0.0;0.0;1.0;4.0
2022-01-24;27;52;0.0;0.0;0.0;4.3
2022-01-25;35;61;0.0;0.0;0.0;2.9
2022-01-28;26;48;0.0;0.0;0.0;2.9
2022-01-29;25;36;0.05;0.39;0.0;8.7
2022-02-10;33;67;0.0;0.0;0.0;7.4
2022-02-24;42;57;0.04;0.0;0.0;
2022-02-26;40;48;0.02;0.0;0.0;5.8
2022-03-15;39;71;0.0;0.0;0.0;4.7
2022-03-24;59;73;0.47;0.0;0.0;11.6
2022-03-27;34;60;0.0;0.0;0.0;7.6
2022-04-03;46;70;0.0;0.0;0.0;5.8
2022-04-07;54;80;0.05;0.0;0.0;8.5
2022-04-09;45;56;0.0;0.0;0.0;6.9
2022-04-12;60;83;0.0;0.0;0.0;8.3
2022-04-15;54;75;0.03;0.0;0.0;5.4
2022-04-19;39;59;0.0;0.0;0.0;
2022-04-29;45;71;0.0;0.0;0.0;6.0
2022-05-03;65;89;0.0;0.0;0.0;8.7
2022-05-08;47;53;0.01;0.0;0.0;9.4
2022-05-12;62;70;0.07;0.0;0.0;10.7
2022-05-14;64;80;0.0;0.0;0.0;2.5
2022-05-16;64;87;0.01;0.0;0.0;7.4
2022-05-23;67;85;1.29;0.0;0.0;6.0
2022-05-25;60;68;0.0;0.0;0.0;7.8
2022-05-30;66;91;0.0;0.0;0.0;2.9
